symbol,period_end_date,close_price,intrinsic_value,bps,rnoa,MoS,nrShares,reason,eodhd_symbol,max_close_after_buy,max_close_date,max_return,days_to_max,double_date,days_to_double,fetch_status,fetch_error
4MS:PL,2019-03-29,0.0104,1.713705583756345,0.7121102248005802,2.884677419354839,0.9939312796208531,6895000.0,Penman TTM as-of 2019-03-29: value=1.71 >= close=0.01 * (1+MOS 70%),4MS.WAR,8.34,2024-02-09,800.9230769230769,1778,2020-07-08,467.0,ok,
AATC:US,2008-12-31,6.37,15.90790135883241,7.17916456970307,0.3280904786954234,0.5995700591603658,3974000.0,Penman TTM as-of 2008-12-31: value=15.91 >= close=6.37 * (1+MOS 70%),AATC.US,15.19,2010-02-08,1.3846153846153846,404,2009-09-18,261.0,ok,
ACCS:US,2009-06-30,0.1,1.0898809523809525,0.2136904761904761,1.768219178082192,0.9082468596395412,1680000.0,Penman TTM as-of 2009-06-30: value=1.09 >= close=0.10 * (1+MOS 70%),ACCS.US,32.27,2021-11-24,321.7,4530,2009-07-31,31.0,ok,
ACFN:US,2007-09-28,4.6801,76.55484896661369,112.1462639109698,0.0353199925044135,0.9388660540360934,629000.0,Penman TTM as-of 2007-09-28: value=76.55 >= close=4.68 * (1+MOS 70%),ACFN.US,30.58,2025-09-08,5.53404841776885,6555,2012-03-08,1623.0,ok,
ACNT:US,2008-12-31,4.8,8.700463777386856,10.053894130817207,0.0879485645933014,0.4483052716712007,6253000.0,Penman TTM as-of 2008-12-31: value=8.70 >= close=4.80 * (1+MOS 70%),ACNT.US,24.55,2018-08-08,4.114583333333334,3507,2009-08-25,237.0,ok,
ACQ:CA,2008-09-30,3.53,9.017358024691358,7.04237037037037,0.122330324763609,0.6085327886134562,20250000.0,Penman TTM as-of 2008-09-30: value=9.02 >= close=3.53 * (1+MOS 70%),ACQ.TO,90.45,2014-06-06,24.623229461756377,2075,2012-01-25,1212.0,ok,
ACTG:US,2003-03-31,1.21,2.147497581589532,2.0321775876992008,12.172552525704068,0.4365534981863012,19641000.0,Penman TTM as-of 2003-03-31: value=2.15 >= close=1.21 * (1+MOS 70%),ACTG.US,46.47,2011-09-16,37.40495867768595,3091,2003-07-29,120.0,ok,
AEHR:US,2008-08-29,4.37,7.979378498800411,4.444761795955673,0.3178077369847583,0.4523382991974915,8753000.0,Penman TTM as-of 2008-08-29: value=7.98 >= close=4.37 * (1+MOS 70%),AEHR.US,53.69,2023-08-01,11.28604118993135,5450,2021-09-07,4757.0,ok,
AEP:CA,2022-03-31,0.61,1.2767261245622965,0.3370095471822344,0.3974563626459512,0.5222154632348202,66825999.99999999,Penman TTM as-of 2022-03-31: value=1.28 >= close=0.61 * (1+MOS 70%),AEP.V,1.69,2024-04-22,1.7704918032786887,753,2023-05-08,403.0,ok,
AFL:AU,2006-03-31,69.1121,305.70000000000016,975.7,-0.3027652539825668,0.7739218187765785,10000.0,Penman TTM as-of 2006-03-31: value=305.70 >= close=69.11 * (1+MOS 70%),AFL.AU,417.9637,2007-06-29,5.047619736630779,455,2006-11-28,242.0,ok,
AII:CA,2014-03-31,0.8,1.77200032472804,1.1084185744439032,0.1697440273037542,0.5485328141106401,24636000.0,Penman TTM as-of 2014-03-31: value=1.77 >= close=0.80 * (1+MOS 70%),AII.TO,13.99,2025-10-14,16.487499999999997,4215,2025-02-05,3964.0,ok,
AKA:US,2021-09-30,8.56,56.79413362303096,55.52810972297664,0.1075505774495035,0.8492802081141567,7364000.0,Penman TTM as-of 2021-09-30: value=56.79 >= close=8.56 * (1+MOS 70%),AKA.US,30.5,2024-09-12,2.5630841121495322,1078,2024-05-01,944.0,ok,
AKW:FR,2014-09-30,11.15,22.590852997270108,8.448861299128678,0.2884940997619967,0.5064374062658292,26741000.0,Penman TTM as-of 2014-09-30: value=22.59 >= close=11.15 * (1+MOS 70%),AKW.PA,39.39,2017-05-26,2.5327354260089687,969,2016-09-23,724.0,ok,
AMMX:US,2018-06-29,0.025,0.479824794265994,0.064972126360499,0.2322658772874058,0.9478976486860304,15068000.0,Penman TTM as-of 2018-06-29: value=0.48 >= close=0.03 * (1+MOS 70%),AMMX.US,0.8199,2022-05-16,31.795999999999996,1417,2020-12-21,906.0,ok,
AMPG:US,2014-06-30,0.03,0.2757601351351351,-0.0912162162162162,0.6203592814371257,0.8912098009188362,1184000.0,Penman TTM as-of 2014-06-30: value=0.28 >= close=0.03 * (1+MOS 70%),AMPG.US,12.43,2021-04-05,413.33333333333337,2471,2016-11-01,855.0,ok,
AMS:US,2007-09-28,4.0425,8.631124776829994,4.458242412219797,0.1515014261406064,0.5316369413576345,5041000.0,Penman TTM as-of 2007-09-28: value=8.63 >= close=4.04 * (1+MOS 70%),AMS.US,4.75,2017-04-05,0.17501546072974633,3477,,,ok,
AP:US,2008-09-30,25.9,54.011493123772105,21.09312377210216,0.3954506581557532,0.5204724309204365,10180000.0,Penman TTM as-of 2008-09-30: value=54.01 >= close=25.90 * (1+MOS 70%),AP.US,32.6,2009-12-29,0.25868725868725884,455,,,ok,
APPS:US,2008-03-31,5.99,13.340614886731393,16.886037910309756,,0.5509952089271635,4326000.0,Penman TTM as-of 2008-03-31: value=13.34 >= close=5.99 * (1+MOS 70%),APPS.US,94.74,2021-03-01,14.81636060100167,4718,2020-06-30,4474.0,ok,
APT:US,2010-03-31,2.35,4.735258490157906,1.4967769846420074,0.4457381705655497,0.5037229741767202,23115000.0,Penman TTM as-of 2010-03-31: value=4.74 >= close=2.35 * (1+MOS 70%),APT.US,25.25,2020-02-27,9.744680851063828,3620,2014-10-09,1653.0,ok,
ARA:CA,2022-06-30,0.4,0.8949870540409227,1.1905116267627722,-0.2078874863843147,0.5530661609081663,162599000.0,Penman TTM as-of 2022-06-30: value=0.89 >= close=0.40 * (1+MOS 70%),ARA.TO,4.45,2025-10-14,10.124999999999998,1202,2025-04-30,1035.0,ok,
ARG:CA,2004-09-30,1.98,3.988947335462458,0.6776723652075897,1.5245083512931037,0.5036284429234138,63876000.0,Penman TTM as-of 2004-09-30: value=3.99 >= close=1.98 * (1+MOS 70%),ARG.TO,5.59,2026-01-13,1.823232323232323,7775,2025-12-10,7741.0,ok,
ARIS:CA,2009-01-09,0.03,71.57142857142857,24.857142857142858,-0.1555093427933576,0.9995808383233532,7000.0,Penman TTM as-of 2009-01-09: value=71.57 >= close=0.03 * (1+MOS 70%),ARIS.TO,24.95,2026-01-14,830.6666666666666,6214,2010-03-02,417.0,ok,
ASRT:US,2007-09-28,2.05,14.271951117435338,1.6459362182974806,13.943228346456731,0.8563616156521434,11947000.0,Penman TTM as-of 2007-09-28: value=14.27 >= close=2.05 * (1+MOS 70%),ASRT.US,33.28,2015-07-21,15.234146341463417,2853,2008-08-11,318.0,ok,
ASUR:US,2003-01-31,1.62,3.6868175765645814,9.019174434087883,-0.0307069652066061,0.5605966483675239,3755000.0,Penman TTM as-of 2003-01-31: value=3.69 >= close=1.62 * (1+MOS 70%),ASUR.US,19.06,2018-05-10,10.76543209876543,5578,2003-08-12,193.0,ok,
ATEC:US,2010-03-31,6.37,16.06226456902283,51.08553068912032,-0.093272275956518,0.6034183117438509,4513000.0,Penman TTM as-of 2010-03-31: value=16.06 >= close=6.37 * (1+MOS 70%),ATEC.US,22.68,2026-01-08,2.5604395604395602,5762,2020-12-17,3914.0,ok,
ATGN:US,2018-09-28,0.51,1.00635175879397,0.4507738693467337,,0.4932189509847002,24875000.0,Penman TTM as-of 2018-09-28: value=1.01 >= close=0.51 * (1+MOS 70%),ATGN.US,2.75,2020-12-18,4.392156862745098,812,2019-03-12,165.0,ok,
AVIR:US,2021-12-31,8.94,20.573392610516944,8.104884089897388,,0.5654581541680225,87611000.0,Penman TTM as-of 2021-12-31: value=20.57 >= close=8.94 * (1+MOS 70%),AVIR.US,9.19,2022-01-03,0.027964205816554812,3,,,ok,
AVNW:US,2003-03-31,2.07,106.80692925928606,8.167402794873652,1.227343856672942,0.9806192349657874,13811000.0,Penman TTM as-of 2003-03-31: value=106.81 >= close=2.07 * (1+MOS 70%),AVNW.US,83.95,2021-04-06,39.555555555555564,6581,2003-09-04,157.0,ok,
AXL:CA,2002-06-27,0.19,12.500000000000004,29.4,-0.6272240085744909,0.9848,10000.0,Penman TTM as-of 2002-06-27: value=12.50 >= close=0.19 * (1+MOS 70%),AXL.V,1.95,2014-11-20,9.263157894736842,4529,2004-11-04,861.0,ok,
AXTI:US,2011-12-30,4.17,8.105593468194005,4.479923226907141,0.2623543695942812,0.4855404460681506,32824000.0,Penman TTM as-of 2011-12-30: value=8.11 >= close=4.17 * (1+MOS 70%),AXTI.US,25.83,2026-01-08,5.194244604316546,5123,2017-07-27,2036.0,ok,
BBXIA:US,2021-12-31,10.01,22.959977833877225,19.955175173942493,0.1441925960807041,0.564023969342412,16241000.0,Penman TTM as-of 2021-12-31: value=22.96 >= close=10.01 * (1+MOS 70%),BBXIA.US,12.0,2022-02-08,0.19880119880119881,39,,,ok,
BCC:AU,2014-12-31,0.12,0.3617681216893748,0.1380902472877659,0.3490616621983914,0.668295814900364,35303000.0,Penman TTM as-of 2014-12-31: value=0.36 >= close=0.12 * (1+MOS 70%),BCC.AU,0.575,2021-11-09,3.7916666666666665,2505,2015-03-06,65.0,ok,
BEBE:US,2002-06-28,20.29,46.44828767123288,20.60970319634703,0.493713689337276,0.5631701184849848,8760000.0,Penman TTM as-of 2002-06-28: value=46.45 >= close=20.29 * (1+MOS 70%),BEBE.US,42.57,2005-06-02,1.098077870872351,1070,2004-12-23,909.0,ok,
BEW:CA,2004-06-30,0.14,7.129518072289162,29.46385542168675,-0.7592120509849363,0.9803633291085764,166000.0,Penman TTM as-of 2004-06-30: value=7.13 >= close=0.14 * (1+MOS 70%),BEW.V,1.0,2025-07-29,6.142857142857142,7699,2006-01-10,559.0,ok,
BKTI:US,2004-03-31,2.65,4.50816056462285,3.089104543449493,0.1305479061817491,0.4121771037181996,2267000.0,Penman TTM as-of 2004-03-31: value=4.51 >= close=2.65 * (1+MOS 70%),BKTI.US,87.47,2026-01-14,32.00754716981132,7959,2005-10-18,566.0,ok,
BLIN:US,2007-09-28,4.04,1712.571428571429,3267.8571428571427,-0.1831469440832249,0.997640974307641,7000.0,Penman TTM as-of 2007-09-28: value=1712.57 >= close=4.04 * (1+MOS 70%),BLIN.US,12.23,2021-07-06,2.0272277227722775,5030,2021-07-02,5026.0,ok,
BLM:CA,2004-02-27,0.034,0.0985178727114211,0.3844812554489973,-0.0226932668329177,0.6548849557522125,3441000.0,Penman TTM as-of 2004-02-27: value=0.10 >= close=0.03 * (1+MOS 70%),BLM.V,1.7,2025-05-28,48.99999999999999,7761,2012-11-07,3176.0,ok,
BMRA:US,2006-11-30,0.45,1.1256281407035176,1.5540201005025125,0.0843218390804597,0.6002232142857143,796000.0,Penman TTM as-of 2006-11-30: value=1.13 >= close=0.45 * (1+MOS 70%),BMRA.US,16.0,2020-03-19,34.55555555555556,4858,2007-07-30,242.0,ok,
BNED:US,2015-07-31,14.35,333.76854287217253,353.4118884797475,0.0856445387584382,0.9570061340217558,1901000.0,Penman TTM as-of 2015-07-31: value=333.77 >= close=14.35 * (1+MOS 70%),BNED.US,15.27,2015-11-27,0.06411149825783972,119,,,ok,
BOOM:US,2009-03-31,9.16,20.630190930787588,9.43747016706444,0.2192385109223044,0.555990536843262,12570000.0,Penman TTM as-of 2009-03-31: value=20.63 >= close=9.16 * (1+MOS 70%),BOOM.US,75.76,2019-06-05,7.2707423580786035,3718,2009-05-08,38.0,ok,
BOSC:US,2004-03-31,0.135,3.812500000000009,50.33173076923077,-0.0714386959603118,0.9645901639344264,208000.0,Penman TTM as-of 2004-03-31: value=3.81 >= close=0.14 * (1+MOS 70%),BOSC.US,8.4,2013-12-06,61.22222222222222,3537,2010-01-12,2113.0,ok,
BQE:CA,2003-12-31,0.73,50.22328244274809,20.900763358778622,2.460215053763441,0.9854649086142038,262000.0,Penman TTM as-of 2003-12-31: value=50.22 >= close=0.73 * (1+MOS 70%),BQE.V,69.3,2026-01-14,93.93150684931506,8050,2006-04-17,838.0,ok,
BRAG:CA,2006-03-16,0.12,12.428571428571445,125.0,-1.035507066699727,0.990344827586207,7000.0,Penman TTM as-of 2006-03-16: value=12.43 >= close=0.12 * (1+MOS 70%),BRAG.TO,18.7,2021-05-14,154.83333333333331,5538,2007-10-05,568.0,ok,
BRM:CA,2009-09-30,0.47,0.9127902138636932,0.7364566863609886,0.1248068368063685,0.4850952684839092,12017000.0,Penman TTM as-of 2009-09-30: value=0.91 >= close=0.47 * (1+MOS 70%),BRM.V,3.35,2025-01-06,6.127659574468085,5577,2010-03-19,170.0,ok,
BRN:US,2008-12-31,4.45,11.376670644391409,6.753579952267303,0.1582916425298857,0.6088486571250254,8380000.000000001,Penman TTM as-of 2008-12-31: value=11.38 >= close=4.45 * (1+MOS 70%),BRN.US,8.94,2011-01-13,1.0089887640449435,743,2011-01-13,743.0,ok,
BSH:PL,2024-06-28,4.68,14.475266123982465,3.840951784596118,0.6933962264150942,0.6766898819050915,1597000.0,Penman TTM as-of 2024-06-28: value=14.48 >= close=4.68 * (1+MOS 70%),BSH.WAR,22.5,2025-09-04,3.807692307692308,433,2024-08-16,49.0,ok,
BTM:US,2023-06-30,3.23,16.156444696172827,0.3867626830649729,5.28,0.8000797786430619,12359000.0,Penman TTM as-of 2023-06-30: value=16.16 >= close=3.23 * (1+MOS 70%),BTM.US,6.48,2025-06-16,1.0061919504643964,717,2025-06-16,717.0,ok,
BTR:CA,2009-05-29,0.55,28.79816513761469,51.48623853211009,-2.775581395348837,0.98090156100669,109000.0,Penman TTM as-of 2009-05-29: value=28.80 >= close=0.55 * (1+MOS 70%),BTR.V,3.69,2018-11-08,5.709090909090908,3450,2018-11-06,3448.0,ok,
BTV:CA,2008-01-31,0.11,0.2469735465550739,0.1316694066656703,40.6,0.554608169440242,6691000.0,Penman TTM as-of 2008-01-31: value=0.25 >= close=0.11 * (1+MOS 70%),BTV.V,0.25,2012-10-01,1.272727272727273,1705,2012-09-13,1687.0,ok,
BUKS:US,2012-04-30,0.34,0.7768983428147413,0.3993498462951839,0.2254697040864255,0.562362304998408,56602000.0,Penman TTM as-of 2012-04-30: value=0.78 >= close=0.34 * (1+MOS 70%),BUKS.US,3.1,2026-01-08,8.117647058823529,5001,2019-12-10,2780.0,ok,
BURCA:US,2012-12-31,14.25,28.89373857404022,15.742915904936014,0.2480524826344224,0.5068135622711347,4376000.0,Penman TTM as-of 2012-12-31: value=28.89 >= close=14.25 * (1+MOS 70%),BURCA.US,26.5,2025-10-08,0.8596491228070176,4664,,,ok,
BXC:US,2005-06-30,10.58,27.68572257690076,46.40887986070807,0.0912943278201007,0.6178535716157434,3446000.0,Penman TTM as-of 2005-06-30: value=27.69 >= close=10.58 * (1+MOS 70%),BXC.US,131.66,2024-11-25,11.444234404536862,7088,2018-03-12,4638.0,ok,
CAMB:BE,2010-06-29,14.0,31.570808283233134,15.885771543086172,0.1955482308897434,0.5565523734963977,1497000.0,Penman TTM as-of 2010-06-29: value=31.57 >= close=14.00 * (1+MOS 70%),CAMB.BR,285.0,2025-10-14,19.357142857142858,5586,2010-12-17,171.0,ok,
CAPC:US,2003-06-30,0.022,0.4796659965981134,-0.1348384103912169,0.2144636549544525,0.9541347517730496,6467000.0,Penman TTM as-of 2003-06-30: value=0.48 >= close=0.02 * (1+MOS 70%),CAPC.US,2.98,2021-03-11,134.45454545454547,6464,2003-10-23,115.0,ok,
CAWW:US,1998-11-30,1.375,2.524535887430531,1.844625753813409,0.1520361990950226,0.4553454332552693,8457000.0,Penman TTM as-of 1998-11-30: value=2.52 >= close=1.38 * (1+MOS 70%),CAWW.US,13.47,2005-01-28,8.796363636363637,2251,2003-01-10,1502.0,ok,
CDTI:US,2010-12-31,9.49,219.1686390532544,91.20118343195266,1.285988483685221,0.9567000094493716,169000.0,Penman TTM as-of 2010-12-31: value=219.17 >= close=9.49 * (1+MOS 70%),CDTI.US,10.53,2011-01-12,0.10958904109589032,12,,,ok,
CEDER:SE,2022-06-30,20.8,37.97900681093197,12.091818260194843,0.4741742733418486,0.452329016829032,11599000.0,Penman TTM as-of 2022-06-30: value=37.98 >= close=20.80 * (1+MOS 70%),CEDER.ST,48.8,2025-12-30,1.346153846153846,1279,2025-08-29,1156.0,ok,
CFY:CA,2011-09-30,0.13,0.2352290798939795,0.1885043544112078,0.1143401664110073,0.4473472410018672,66025000.00000001,Penman TTM as-of 2011-09-30: value=0.24 >= close=0.13 * (1+MOS 70%),CFY.V,1.14,2018-04-10,7.769230769230767,2384,2012-03-30,182.0,ok,
CHCI:US,2004-12-31,21.97,175.81623931623932,55.48803418803419,0.5696693383128615,0.8750399844437423,1170000.0,Penman TTM as-of 2004-12-31: value=175.82 >= close=21.97 * (1+MOS 70%),CHCI.US,29.7,2005-02-28,0.35184342284934006,59,,,ok,
CHR:CA,2007-03-30,8.19,44.70641522333638,58.612978577939835,0.0,0.8168048151683411,17552000.0,Penman TTM as-of 2007-03-30: value=44.71 >= close=8.19 * (1+MOS 70%),CHR.TO,24.14,2025-11-12,1.9474969474969477,6802,2025-02-10,6527.0,ok,
CMCL:US,2006-09-29,0.108,2.0021348737912845,2.447821172924777,0.0755190729116368,0.9460575801292104,7963000.0,Penman TTM as-of 2006-09-29: value=2.00 >= close=0.11 * (1+MOS 70%),CMCL.US,37.72,2025-10-15,348.2592592592593,6956,2013-04-12,2387.0,ok,
CMD:AU,2017-03-31,0.01,0.0199890930447185,0.0536584911112975,-0.7293340987370838,0.4997271773347325,214542000.0,Penman TTM as-of 2017-03-31: value=0.02 >= close=0.01 * (1+MOS 70%),CMD.AU,0.11,2017-12-13,10.0,257,2017-11-23,237.0,ok,
CMI:CA,2008-11-28,0.2,0.4721090953967666,0.2127607059113908,0.516757560733763,0.5763691020781596,32412000.0,Penman TTM as-of 2008-11-28: value=0.47 >= close=0.20 * (1+MOS 70%),CMI.V,4.32,2021-03-08,20.599999999999998,4483,2011-02-17,811.0,ok,
CMPD:US,1993-09-30,0.1875,2.044245309437132,0.2800336040324839,,0.9082791095890412,3571000.0,Penman TTM as-of 1993-09-30: value=2.04 >= close=0.19 * (1+MOS 70%),CMPD.US,17.3125,1995-10-12,91.33333333333333,742,1993-12-07,68.0,ok,
CODA:US,2014-07-31,0.0822,1.7456406368460953,0.0,0.3039596066967844,0.952911270358306,6595000.0,Penman TTM as-of 2014-07-31: value=1.75 >= close=0.08 * (1+MOS 70%),CODA.US,18.97,2019-05-07,229.7785888077859,1741,2016-06-20,690.0,ok,
COV:CA,2013-12-31,1.1,2.666073738680465,0.6573954290642519,1.0671684401764858,0.5874082610541638,9276000.0,Penman TTM as-of 2013-12-31: value=2.67 >= close=1.10 * (1+MOS 70%),COV.V,9.18,2018-09-04,7.345454545454545,1708,2014-06-18,169.0,ok,
CPH:CA,2004-12-31,1.9,5.313696472048504,1.4756289683486896,0.8993239212567111,0.6424334716906547,20947000.0,Penman TTM as-of 2004-12-31: value=5.31 >= close=1.90 * (1+MOS 70%),CPH.TO,18.99,2024-08-30,8.994736842105263,7182,2006-01-27,392.0,ok,
CPL:PL,2015-06-30,19.8,36.015523632993514,11.36468952734013,0.5149331149331149,0.4502370643901623,2158000.0,Penman TTM as-of 2015-06-30: value=36.02 >= close=19.80 * (1+MOS 70%),CPL.WAR,20.5,2015-08-05,0.03535353535353532,36,,,ok,
CRMT:US,2009-01-30,9.09,29.16520121745012,12.897700371998647,0.2126184497784645,0.6883271974629384,11828000.0,Penman TTM as-of 2009-01-30: value=29.17 >= close=9.09 * (1+MOS 70%),CRMT.US,174.52,2021-05-26,18.1991199119912,4499,2009-06-09,130.0,ok,
CS:SE,2022-03-31,80.0,247.6364491188967,38.69398899491537,0.1955380235799939,0.6769457796514038,71785000.0,Penman TTM as-of 2022-03-31: value=247.64 >= close=80.00 * (1+MOS 70%),CS.ST,168.4,2025-10-31,1.105,1310,2025-10-06,1285.0,ok,
CTE:AU,2019-09-30,0.044,0.1000910470409711,-0.0107233181588265,,0.5604002425712552,49425000.0,Penman TTM as-of 2019-09-30: value=0.10 >= close=0.04 * (1+MOS 70%),CTE.AU,1.3,2025-10-27,28.545454545454547,2219,2020-05-27,240.0,ok,
CTHR:US,2001-12-31,1.56,9.444381384790011,19.340522133938705,0.0275661529514393,0.8348224265368668,1762000.0,Penman TTM as-of 2001-12-31: value=9.44 >= close=1.56 * (1+MOS 70%),CTHR.US,31.99,2005-12-09,19.506410256410255,1439,2002-03-01,60.0,ok,
CTX:CA,2019-06-28,0.75,2.4767410833407455,0.9638441697055946,0.3340810569049748,0.6971827192415427,22486000.0,Penman TTM as-of 2019-06-28: value=2.48 >= close=0.75 * (1+MOS 70%),CTX.TO,1.12,2019-07-16,0.49333333333333346,18,,,ok,
CTZ:CA,2014-10-31,0.08,0.142252437147255,0.0168584622150553,,0.4376194770063119,27286000.0,Penman TTM as-of 2014-10-31: value=0.14 >= close=0.08 * (1+MOS 70%),CTZ.V,1.68,2025-07-02,19.999999999999996,3897,2015-03-30,150.0,ok,
CVEO:US,2014-06-30,25.03,306.4306807935077,148.45096934174933,0.0796509307496003,0.918317578594988,8872000.0,Penman TTM as-of 2014-06-30: value=306.43 >= close=25.03 * (1+MOS 70%),CVEO.US,36.44,2023-02-01,0.45585297642828587,3138,,,ok,
CVU:US,2002-12-31,4.4,9.13596623454929,0.7048537835393428,0.493278019969062,0.5183870116156282,3317000.0,Penman TTM as-of 2002-12-31: value=9.14 >= close=4.40 * (1+MOS 70%),CVU.US,16.4,2012-04-05,2.7272727272727266,3383,2003-07-07,188.0,ok,
CVX:CA,2011-12-30,0.065,0.1285184963843901,0.0906292954042909,0.1410887880751782,0.4942362241339224,33466000.0,Penman TTM as-of 2011-12-30: value=0.13 >= close=0.07 * (1+MOS 70%),CVX.V,0.85,2021-01-25,12.076923076923075,3314,2012-11-13,319.0,ok,
CXDO:US,2002-06-28,0.15,2.560021826118588,0.2568206620589305,3.718,0.9414067495559504,10996000.0,Penman TTM as-of 2002-06-28: value=2.56 >= close=0.15 * (1+MOS 70%),CXDO.US,29.3,2007-01-03,194.33333333333334,1650,2002-07-03,5.0,ok,
CXI:CA,2012-03-30,7.25,13.974567290709995,5.082656305192511,4.440172413793103,0.4812003943177797,2831000.0,Penman TTM as-of 2012-03-30: value=13.97 >= close=7.25 * (1+MOS 70%),CXI.TO,39.3,2015-06-25,4.4206896551724135,1182,2014-06-23,815.0,ok,
CXZ:AU,2023-12-29,0.021,0.0370909384917025,0.008789483258811,1.2531426094495015,0.4338239782016348,939987000.0,Penman TTM as-of 2023-12-29: value=0.04 >= close=0.02 * (1+MOS 70%),CXZ.AU,0.032,2024-06-03,0.5238095238095237,157,,,ok,
DAIO:US,2008-12-31,2.396,4.1830512274408695,2.336060979710795,0.2798013967699694,0.4272123696974569,8921000.0,Penman TTM as-of 2008-12-31: value=4.18 >= close=2.40 * (1+MOS 70%),DAIO.US,15.94,2017-11-27,5.6527545909849755,3253,2010-06-16,532.0,ok,
DB:CA,2019-09-30,0.315,0.8183507853403144,1.5332984293193717,,0.6150794920188094,57300000.0,Penman TTM as-of 2019-09-30: value=0.82 >= close=0.32 * (1+MOS 70%),DB.V,0.395,2019-10-18,0.253968253968254,18,,,ok,
DCM:CA,2006-06-30,9.36,1794.2187499999995,808.15,0.1968811789990789,0.994783244796656,160000.0,Penman TTM as-of 2006-06-30: value=1794.22 >= close=9.36 * (1+MOS 70%),DCM.TO,12.02,2007-07-11,0.28418803418803423,376,,,ok,
DHB:CA,2017-06-30,0.485,4.261524163568773,4.305018587360594,-0.9061606036715846,0.8861909538971519,5380000.0,Penman TTM as-of 2017-06-30: value=4.26 >= close=0.48 * (1+MOS 70%),DHB.V,2.03,2018-01-08,3.185567010309278,192,2017-11-27,150.0,ok,
DHX:US,2007-12-31,7.99,2639.070652173913,1311.1630434782608,0.2147096519767327,0.9969724190622112,92000.0,Penman TTM as-of 2007-12-31: value=2639.07 >= close=7.99 * (1+MOS 70%),DHX.US,18.33,2011-04-29,1.2941176470588232,1215,2011-02-04,1131.0,ok,
DLHC:US,2002-09-30,2.9,1243.5912659470066,15.882973503434744,9.97262809004281,0.9976680440918088,4076000.0,Penman TTM as-of 2002-09-30: value=1243.59 >= close=2.90 * (1+MOS 70%),DLHC.US,21.23,2021-12-30,6.320689655172415,7031,2016-11-30,5175.0,ok,
DR:CA,2019-12-31,4.8,10.696565815111493,6.177662914050661,0.1370918497111752,0.5512578445299858,36952000.0,Penman TTM as-of 2019-12-31: value=10.70 >= close=4.80 * (1+MOS 70%),DR.TO,17.9,2025-02-28,2.7291666666666665,1886,2021-09-07,616.0,ok,
DRX:CA,2008-10-31,1.89,5.133878750303257,2.236029867644284,0.3027201840485012,0.6318572970021238,37097000.0,Penman TTM as-of 2008-10-31: value=5.13 >= close=1.89 * (1+MOS 70%),DRX.TO,20.5,2024-06-11,9.846560846560847,5702,2023-06-29,5354.0,ok,
DSE:AU,2022-12-30,0.18,0.4737854457494244,0.353087750998164,1.1315068493150684,0.6200811957925817,68626000.0,Penman TTM as-of 2022-12-30: value=0.47 >= close=0.18 * (1+MOS 70%),DSE.AU,5.88,2025-05-07,31.666666666666668,859,2023-07-14,196.0,ok,
DSHK:US,2003-03-31,1.1828,88.86614173228347,88.86614173228347,,0.9866900939216728,3937000.0,Penman TTM as-of 2003-03-31: value=88.87 >= close=1.18 * (1+MOS 70%),DSHK.US,16.98,2026-01-09,13.355765979032803,8320,2004-03-31,366.0,ok,
DSNY:US,2017-11-30,0.2199,0.3890302644733254,0.1897664273379987,0.4236162361623616,0.4347483471557061,11003000.0,Penman TTM as-of 2017-11-30: value=0.39 >= close=0.22 * (1+MOS 70%),DSNY.US,2.31,2021-04-13,9.504774897680763,1230,2019-09-13,652.0,ok,
DTC:US,2022-12-30,3.72,6.925268639574582,9.046380642217713,0.0616433991197498,0.4628367225002669,63561000.0,Penman TTM as-of 2022-12-30: value=6.93 >= close=3.72 * (1+MOS 70%),DTC.US,8.45,2023-04-12,1.2715053763440856,103,2023-04-03,94.0,ok,
DYNT:US,2002-06-28,0.95,2.90985915492958,21.343661971830983,0.0452934291924427,0.6735237173281707,355000.0,Penman TTM as-of 2002-06-28: value=2.91 >= close=0.95 * (1+MOS 70%),DYNT.US,5.5699,2013-08-06,4.863052631578947,4057,2003-11-03,493.0,ok,
E:CA,2006-03-31,2.08,4.98871601983245,2.0270131646435288,866.25,0.583059049316289,5849000.0,Penman TTM as-of 2006-03-31: value=4.99 >= close=2.08 * (1+MOS 70%),E.TO,2.66,2025-02-18,0.27884615384615385,6899,,,ok,
EACO:US,2010-08-31,1.95,4.0741464417935,2.2171945701357467,0.2542410523618347,0.5213721382234898,4862000.0,Penman TTM as-of 2010-08-31: value=4.07 >= close=1.95 * (1+MOS 70%),EACO.US,85.0,2026-01-09,42.58974358974359,5610,2010-11-19,80.0,ok,
EAGR:CA,2020-09-30,0.22,0.7206150450969103,0.2274515448090577,2.0844594594594597,0.6947052361772245,41688000.0,Penman TTM as-of 2020-09-30: value=0.72 >= close=0.22 * (1+MOS 70%),EAGR.TO,4.25,2022-02-01,18.31818181818182,489,2021-02-10,133.0,ok,
ECK:PL,2012-12-28,0.48,10.338104976141784,1.0265848670756643,0.9612862547288776,0.9535698272451536,1467000.0,Penman TTM as-of 2012-12-28: value=10.34 >= close=0.48 * (1+MOS 70%),ECK.WAR,3.11,2025-11-04,5.479166666666667,4694,2015-06-17,901.0,ok,
EDAP:US,2002-12-31,1.2,4.79509766373037,3.6959019532746074,0.6539573717078468,0.7497444089456868,7833000.0,Penman TTM as-of 2002-12-31: value=4.80 >= close=1.20 * (1+MOS 70%),EDAP.US,20.77,2006-03-30,16.308333333333334,1185,2004-04-21,477.0,ok,
EDR:ES,2014-09-30,2.919,5.010664569031274,5.117725019069413,0.0974870053209643,0.4174425448390494,104880000.0,Penman TTM as-of 2014-09-30: value=5.01 >= close=2.92 * (1+MOS 70%),EDR.MC,9.88,2022-01-03,2.384720794792737,2652,2021-06-02,2437.0,ok,
EFOI:US,2004-06-30,9.4254,118.65217391304348,865.9130434782609,-0.0194620143184819,0.9205627702455113,23000.0,Penman TTM as-of 2004-06-30: value=118.65 >= close=9.43 * (1+MOS 70%),EFOI.US,27.84,2015-09-09,1.953720796995353,4088,2015-08-14,4062.0,ok,
ELDN:US,2014-09-30,15.14,224.28244274809177,775.6564885496183,,0.9324958306388482,131000.0,Penman TTM as-of 2014-09-30: value=224.28 >= close=15.14 * (1+MOS 70%),ELDN.US,26.18,2020-10-30,0.7291941875825627,2222,,,ok,
ELVA:US,2004-12-31,0.4652,5.727775781530722,1.7337405677326625,0.4442366057602973,0.918781736970214,13915000.0,Penman TTM as-of 2004-12-31: value=5.73 >= close=0.47 * (1+MOS 70%),ELVA.US,8.97,2026-01-12,18.28202923473775,7682,2007-11-01,1035.0,ok,
ENG:US,2001-12-31,0.72,6.777466759972008,5.019594121763471,0.20048,0.8937656169334022,2858000.0,Penman TTM as-of 2001-12-31: value=6.78 >= close=0.72 * (1+MOS 70%),ENG.US,17.85,2008-08-28,23.79166666666667,2432,2002-11-21,325.0,ok,
ENSV:US,2001-06-29,1.55,64.17647058823529,11.590909090909092,37.92115384615384,0.9758478460128324,374000.0,Penman TTM as-of 2001-06-29: value=64.18 >= close=1.55 * (1+MOS 70%),ENSV.US,10.0,2005-09-12,5.451612903225806,1536,2005-02-14,1326.0,ok,
ETG:CA,2004-03-31,1.27,2.6777533039647583,4.746916299559471,,0.5257218063667024,4540000.0,Penman TTM as-of 2004-03-31: value=2.68 >= close=1.27 * (1+MOS 70%),ETG.TO,3.65,2007-07-09,1.8740157480314958,1195,2006-03-27,726.0,ok,
EVC:US,2009-09-30,1.73,31.580318103294218,1.1729195210579615,0.4474176901936069,0.9452190445219252,83935000.0,Penman TTM as-of 2009-09-30: value=31.58 >= close=1.73 * (1+MOS 70%),EVC.US,9.26,2015-11-06,4.352601156069364,2228,2009-12-22,83.0,ok,
EVI:US,2002-09-30,0.4,1.008147512864494,0.7175528873642081,0.1343064461694229,0.6032326669502339,6996000.0,Penman TTM as-of 2002-09-30: value=1.01 >= close=0.40 * (1+MOS 70%),EVI.US,47.4,2018-08-24,117.5,5807,2003-01-07,99.0,ok,
EYPT:US,2010-06-30,3.61,39.3862859931674,16.125427037579307,0.3983412099777785,0.9083437316068276,2049000.0,Penman TTM as-of 2010-06-30: value=39.39 >= close=3.61 * (1+MOS 70%),EYPT.US,29.71,2024-02-12,7.229916897506926,4975,2021-01-04,3841.0,ok,
FBF:CA,2005-12-30,0.07,0.1729579698651863,0.0463124504361617,0.3720613287904599,0.5952773956900503,6305000.0,Penman TTM as-of 2005-12-30: value=0.17 >= close=0.07 * (1+MOS 70%),FBF.V,2.54,2024-02-12,35.285714285714285,6618,2006-05-12,133.0,ok,
FGF:US,2014-06-30,8.91,521.0121212121212,295.07878787878786,0.959172446783066,0.982898670420045,165000.0,Penman TTM as-of 2014-06-30: value=521.01 >= close=8.91 * (1+MOS 70%),FGF.US,38.3,2025-08-01,3.2985409652076316,4050,2024-11-01,3777.0,ok,
FGI:US,2022-03-31,3.0,30.23628884826325,9.338665447897624,0.1730038022813688,0.9007814743715706,2188000.0,Penman TTM as-of 2022-03-31: value=30.24 >= close=3.00 * (1+MOS 70%),FGI.US,9.5,2025-09-16,2.1666666666666665,1265,2025-09-16,1265.0,ok,
FHRT:US,2001-07-11,0.25,5.733656957928801,-1.705177993527508,0.3962877030162413,0.956397810012982,3090000.0,Penman TTM as-of 2001-07-11: value=5.73 >= close=0.25 * (1+MOS 70%),FHRT.US,30.0,2026-01-05,119.0,8944,2001-08-29,49.0,ok,
FLEXO:GR,2015-12-31,2.78,5.363310580204778,4.199061433447099,0.1485052077778962,0.4816634318622927,11720000.0,Penman TTM as-of 2015-12-31: value=5.36 >= close=2.78 * (1+MOS 70%),FLEXO.AT,9.6,2021-01-20,2.4532374100719427,1847,2017-11-16,686.0,ok,
FLL:US,2002-12-31,0.51,1.021773082223243,0.7882406982085439,0.1240833728090952,0.5008676497032908,10885000.0,Penman TTM as-of 2002-12-31: value=1.02 >= close=0.51 * (1+MOS 70%),FLL.US,12.35,2021-12-27,23.215686274509803,6936,2003-06-20,171.0,ok,
FOR:CA,2016-06-30,0.375,0.7203143503068146,0.8427710194854129,,0.4793939620385593,18578000.0,Penman TTM as-of 2016-06-30: value=0.72 >= close=0.38 * (1+MOS 70%),FOR.V,1.54,2020-08-05,3.106666666666667,1497,2016-08-18,49.0,ok,
FPAY:US,2007-12-18,1.15,3.461715160796325,3.461715160796325,0.0,0.6677947356779473,1306000.0,Penman TTM as-of 2007-12-18: value=3.46 >= close=1.15 * (1+MOS 70%),FPAY.US,6.75,2016-11-09,4.869565217391305,3249,2016-10-25,3234.0,ok,
FSI:US,2020-03-31,1.17,2.3439557759531744,1.756361271441346,0.1500172998408414,0.5008438247841015,12301000.0,Penman TTM as-of 2020-03-31: value=2.34 >= close=1.17 * (1+MOS 70%),FSI.US,11.25,2025-08-29,8.615384615384617,1977,2020-07-22,113.0,ok,
FTK:US,2002-03-25,1.35,7.854077253218884,8.540159411404046,0.0106230031948881,0.8281147540983607,1631000.0,Penman TTM as-of 2002-03-25: value=7.85 >= close=1.35 * (1+MOS 70%),FTK.US,65.82,2007-07-06,47.75555555555555,1929,2002-04-09,15.0,ok,
FTLF:US,2011-12-30,0.08,0.1552475247524752,0.4232343234323432,0.042,0.4846938775510205,7575000.0,Penman TTM as-of 2011-12-30: value=0.16 >= close=0.08 * (1+MOS 70%),FTLF.US,55.2,2021-10-15,689.0,3577,2013-07-03,551.0,ok,
FW:CA,2008-06-30,0.46,1.83218954248366,2.0209150326797385,-0.4689655172413793,0.7489342727191652,3060000.0,Penman TTM as-of 2008-06-30: value=1.83 >= close=0.46 * (1+MOS 70%),FW.V,1.96,2011-06-01,3.260869565217391,1066,2010-03-02,610.0,ok,
G2M:SE,2015-06-30,0.95,7.377232034841521,12.118412775223808,-0.0405053670149071,0.8712254141508228,20665000.0,Penman TTM as-of 2015-06-30: value=7.38 >= close=0.95 * (1+MOS 70%),G2M.ST,34.6,2024-04-17,35.421052631578945,3214,2016-01-14,198.0,ok,
GEC:CA,2008-11-28,0.47,2.3192541042112778,0.4309064953604568,0.8347798916817109,0.7973486393118465,56040000.0,Penman TTM as-of 2008-11-28: value=2.32 >= close=0.47 * (1+MOS 70%),GEC.TO,0.93,2017-05-05,0.9787234042553193,3080,,,ok,
GEG:US,2004-09-30,8.82,23.961148112908347,29.750079289565495,-0.4209790209790228,0.6319041158445788,6306000.0,Penman TTM as-of 2004-09-30: value=23.96 >= close=8.82 * (1+MOS 70%),GEG.US,22.59,2006-04-19,1.5612244897959182,566,2005-06-22,265.0,ok,
GEO:CA,2019-09-30,1.52,3.269858069116107,1.9671130322408144,0.1761591215490123,0.5351480193111625,44881000.0,Penman TTM as-of 2019-09-30: value=3.27 >= close=1.52 * (1+MOS 70%),GEO.TO,4.18,2025-12-30,1.7499999999999998,2283,2023-01-16,1204.0,ok,
GG:CA,2012-03-30,0.93,8.502440065881778,2.655828707375099,661.0896551724138,0.8906196347408712,16393000.0,Penman TTM as-of 2012-03-30: value=8.50 >= close=0.93 * (1+MOS 70%),GG.V,2.79,2026-01-12,1.9999999999999998,5036,2025-09-17,4919.0,ok,
GH:CA,2008-09-30,10.4,17.723985890652557,6.306321358952938,0.2784442300578119,0.4132245385342554,10773000.0,Penman TTM as-of 2008-09-30: value=17.72 >= close=10.40 * (1+MOS 70%),GH.TO,17.09,2014-08-19,0.6432692307692307,2149,,,ok,
GIFI:US,2009-03-31,8.01,18.42696314943011,18.118103629116845,0.1020177149617881,0.5653109014738696,14301000.0,Penman TTM as-of 2009-03-31: value=18.43 >= close=8.01 * (1+MOS 70%),GIFI.US,35.34,2011-04-29,3.4119850187265923,759,2009-05-08,38.0,ok,
GLAE:US,2001-12-31,21.58,41075.0,40981.25,0.1003827507017096,0.9994746195982958,16000.0,Penman TTM as-of 2001-12-31: value=41075.00 >= close=21.58 * (1+MOS 70%),GLAE.US,250.0,2019-11-11,10.58480074142725,6524,2004-06-23,905.0,ok,
GLGI:US,2012-05-29,0.105,0.4406763433035884,-0.2471755198958293,0.6539090208172706,0.7617298918002867,26111000.0,Penman TTM as-of 2012-05-29: value=0.44 >= close=0.10 * (1+MOS 70%),GLGI.US,1.61,2024-09-27,14.333333333333336,4504,2012-07-17,49.0,ok,
GLO:CA,2010-12-31,0.13,0.2611790231253638,0.1270395653631088,0.305888723433058,0.5022571168068078,56691000.0,Penman TTM as-of 2010-12-31: value=0.26 >= close=0.13 * (1+MOS 70%),GLO.TO,4.87,2022-03-09,36.46153846153846,4086,2017-12-28,2554.0,ok,
GNE:US,2022-03-31,6.75,17.770897121861605,4.833588487446417,0.845141521911648,0.6201654900305394,26128000.0,Penman TTM as-of 2022-03-31: value=17.77 >= close=6.75 * (1+MOS 70%),GNE.US,30.61,2023-12-26,3.5348148148148146,635,2023-03-30,364.0,ok,
GPV:CA,2011-08-16,0.18,0.863636363636365,8.818181818181818,,0.7915789473684213,44000.0,Penman TTM as-of 2011-08-16: value=0.86 >= close=0.18 * (1+MOS 70%),GPV.V,41.06,2021-01-07,227.11111111111114,3432,2014-12-30,1232.0,ok,
GRBK:US,2007-09-28,6.1174,70.2135746606335,176.44886877828054,-0.0643956474855406,0.9128743974428376,1105000.0,Penman TTM as-of 2007-09-28: value=70.21 >= close=6.12 * (1+MOS 70%),GRBK.US,83.77,2024-10-16,12.693726092784516,6228,2014-08-28,2526.0,ok,
GSIT:US,2007-03-30,5.25,11.604205425518105,1.286375632760784,0.4255739516890414,0.5475778127423492,23113000.0,Penman TTM as-of 2007-03-30: value=11.60 >= close=5.25 * (1+MOS 70%),GSIT.US,12.97,2025-10-20,1.4704761904761905,6779,2025-10-20,6779.0,ok,
GSM:US,2018-12-31,1.59,3.7149891587291326,5.1965942544202415,0.0778322082863709,0.5720041345843587,170183000.0,Penman TTM as-of 2018-12-31: value=3.71 >= close=1.59 * (1+MOS 70%),GSM.US,9.53,2021-09-02,4.993710691823899,976,2021-02-02,764.0,ok,
GUI:FR,2018-12-31,3.3,5.64867530076918,3.830451646834528,0.2343877551020408,0.4157922301622402,15211000.0,Penman TTM as-of 2018-12-31: value=5.65 >= close=3.30 * (1+MOS 70%),GUI.PA,17.9,2021-02-09,4.424242424242424,771,2020-08-26,604.0,ok,
GVC:CA,2020-09-30,0.21,0.6672070791371504,1.493183615119836,0.029048612159214,0.6852551380726094,125213000.0,Penman TTM as-of 2020-09-30: value=0.67 >= close=0.21 * (1+MOS 70%),GVC.TO,0.54,2021-04-08,1.5714285714285718,190,2021-01-27,119.0,ok,
GWM:CA,2013-09-30,0.12,0.4779341029341029,0.8050745550745549,-0.2496786632390745,0.7489193609259026,16632000.000000002,Penman TTM as-of 2013-09-30: value=0.48 >= close=0.12 * (1+MOS 70%),GWM.V,2.0,2020-08-05,15.666666666666666,2501,2016-08-03,1038.0,ok,
HDSN:US,2022-03-31,6.21,10.835897381033892,2.158849709003766,0.3761594590269431,0.4269048716842424,46736000.0,Penman TTM as-of 2022-03-31: value=10.84 >= close=6.21 * (1+MOS 70%),HDSN.US,14.96,2024-02-26,1.4090177133655395,697,2023-09-12,530.0,ok,
HHS:US,2002-12-31,18.67,110.77978183389136,57.515174424883895,0.188250283176371,0.8314674420645212,9259000.0,Penman TTM as-of 2002-12-31: value=110.78 >= close=18.67 * (1+MOS 70%),HHS.US,30.98,2005-06-20,0.6593465452597749,902,,,ok,
HITI:US,2021-01-29,0.3988,0.7098113764718912,1.560592078550072,0.0240739215653978,0.4381605969994021,27091000.0,Penman TTM as-of 2021-01-29: value=0.71 >= close=0.40 * (1+MOS 70%),HITI.US,9.45,2021-06-01,22.696088264794383,123,2021-05-13,104.0,ok,
HME:CA,2019-12-31,0.21,0.5846275364898539,0.1873331256674973,0.1854660763431853,0.6407969401153165,89888000.0,Penman TTM as-of 2019-12-31: value=0.58 >= close=0.21 * (1+MOS 70%),HME.V,2.25,2025-10-01,9.714285714285715,2101,2021-03-02,427.0,ok,
HNRG:US,2008-12-30,3.0,6.1823673538357555,3.1499662047989188,0.2168856756712748,0.5147489904269931,23672000.0,Penman TTM as-of 2008-12-30: value=6.18 >= close=3.00 * (1+MOS 70%),HNRG.US,23.81,2025-11-11,6.9366666666666665,6160,2009-05-11,132.0,ok,
HPTO:US,2007-12-31,0.4,1.3342714196372734,1.5318949343339587,0.0663471778487752,0.7002109210217952,3198000.0,Penman TTM as-of 2007-12-31: value=1.33 >= close=0.40 * (1+MOS 70%),HPTO.US,2.1,2016-05-03,4.25,3046,2016-01-29,2951.0,ok,
HQI:US,2006-12-29,5.05,12.331535695942476,17.97277863379558,-0.6065615953682856,0.590480851329682,1947000.0,Penman TTM as-of 2006-12-29: value=12.33 >= close=5.05 * (1+MOS 70%),HQI.US,28.5,2023-06-09,4.643564356435643,6006,2020-12-15,5100.0,ok,
HRBR:US,2020-12-31,0.2912,4.8710917406959435,1.619955234877869,0.4360383662032546,0.9402187403765884,71931000.0,Penman TTM as-of 2020-12-31: value=4.87 >= close=0.29 * (1+MOS 70%),HRBR.US,3.05,2021-06-28,9.473901098901099,179,2021-03-01,60.0,ok,
HWO:CA,2006-06-30,0.6066,111.78721745908028,59.54793452844895,0.2072762776701826,0.9945736192939766,1283000.0,Penman TTM as-of 2006-06-30: value=111.79 >= close=0.61 * (1+MOS 70%),HWO.TO,6.22,2017-01-26,9.253874052093636,3863,2007-10-25,482.0,ok,
ICAD:US,2008-09-30,3.19,5.435863031343923,7.026942893945899,0.0705514220151588,0.413156663145111,9316000.0,Penman TTM as-of 2008-09-30: value=5.44 >= close=3.19 * (1+MOS 70%),ICAD.US,21.22,2021-03-31,5.652037617554858,4565,2013-02-15,1599.0,ok,
IDA:AU,2011-03-31,0.6169,1.3918298653610783,10.446297429620564,-0.3083632348882142,0.5567705397383756,6536000.0,Penman TTM as-of 2011-03-31: value=1.39 >= close=0.62 * (1+MOS 70%),IDA.AU,0.6321,2011-04-08,0.024639325660560856,8,,,ok,
IDN:US,2008-03-31,3.25,19.13254665203074,28.93304061470911,-0.0224245217792118,0.8301323885884766,1822000.0,Penman TTM as-of 2008-03-31: value=19.13 >= close=3.25 * (1+MOS 70%),IDN.US,15.01,2021-02-08,3.6184615384615384,4697,2019-11-14,4245.0,ok,
IDR:US,2011-06-29,0.24,0.4518184644078335,1.4715573515697855,-0.0193560123703838,0.4688132094943242,3217000.0,Penman TTM as-of 2011-06-29: value=0.45 >= close=0.24 * (1+MOS 70%),IDR.US,52.66,2025-10-14,218.41666666666666,5221,2021-10-28,3774.0,ok,
IDT:US,2003-07-31,10.787,24.21800834163806,38.5661979108995,-1.010380724747675,0.5545876503207783,27093000.0,Penman TTM as-of 2003-07-31: value=24.22 >= close=10.79 * (1+MOS 70%),IDT.US,69.88,2025-07-02,5.478168165384258,8007,2021-03-12,6434.0,ok,
IDWM:US,2010-04-30,2.45,6.0555365101131295,0.0,0.5494006309148265,0.595411571557971,2917000.0,Penman TTM as-of 2010-04-30: value=6.06 >= close=2.45 * (1+MOS 70%),IDWM.US,300.0,2015-07-27,121.44897959183673,1914,2011-12-14,593.0,ok,
IEHC:US,2003-03-31,0.13,0.5323491098567086,0.3738601823708207,0.1401540154015401,0.7557993474714518,2303000.0,Penman TTM as-of 2003-03-31: value=0.53 >= close=0.13 * (1+MOS 70%),IEHC.US,23.95,2019-11-22,183.23076923076923,6080,2003-06-23,84.0,ok,
IFI:PL,2016-09-30,1.22,2.3306249999999995,0.94015625,1.0298850574712644,0.4765352641458835,6400000.0,Penman TTM as-of 2016-09-30: value=2.33 >= close=1.22 * (1+MOS 70%),IFI.WAR,42.6,2023-11-08,33.91803278688525,2595,2017-02-16,139.0,ok,
IFOS:CA,2010-01-29,3.07,131.09121621621625,222.9324324324324,-0.380848941995612,0.9765811921758628,592000.0,Penman TTM as-of 2010-01-29: value=131.09 >= close=3.07 * (1+MOS 70%),IFOS.V,3.94,2013-01-04,0.2833876221498372,1071,,,ok,
INBP:US,2002-06-28,0.42,0.9388664531402312,1.0562595738755047,0.0868875408306112,0.5526520320379709,7181000.0,Penman TTM as-of 2002-06-28: value=0.94 >= close=0.42 * (1+MOS 70%),INBP.US,15.12,2004-05-04,35.0,676,2003-01-16,202.0,ok,
INFU:US,2008-03-31,2.47,5.70726343319068,4.37208749405611,0.1199654414074772,0.5672181547402076,16824000.0,Penman TTM as-of 2008-03-31: value=5.71 >= close=2.47 * (1+MOS 70%),INFU.US,22.92,2021-05-03,8.279352226720649,4781,2019-03-27,4013.0,ok,
INTT:US,2010-12-31,2.55,5.916928515318145,1.5813040062843675,0.7051809210526315,0.5690331574230807,10184000.0,Penman TTM as-of 2010-12-31: value=5.92 >= close=2.55 * (1+MOS 70%),INTT.US,26.91,2023-06-27,9.552941176470588,4561,2014-09-04,1343.0,ok,
INVE:US,2005-09-30,2.66,5.449163449163449,23.527027027027028,-0.520017656146546,0.5118516769012753,1554000.0,Penman TTM as-of 2005-09-30: value=5.45 >= close=2.66 * (1+MOS 70%),INVE.US,28.33,2021-12-27,9.650375939849622,5932,2011-04-12,2020.0,ok,
INX:CA,2002-06-28,0.044,0.1340253164556962,0.1008101265822784,0.015923009623797,0.6717038156403476,19750000.0,Penman TTM as-of 2002-06-28: value=0.13 >= close=0.04 * (1+MOS 70%),INX.V,0.93,2021-03-01,20.136363636363637,6821,2005-10-31,1221.0,ok,
IOT:CA,2014-12-31,0.02,0.0613256784968684,-0.0266527487821851,,0.6738723404255318,28740000.0,Penman TTM as-of 2014-12-31: value=0.06 >= close=0.02 * (1+MOS 70%),IOT.V,0.34,2025-07-28,16.0,3862,2015-04-23,113.0,ok,
IPA:CA,2004-12-31,0.35,3.3356940509915027,11.977337110481589,-0.2281871974179666,0.8950743099787686,353000.0,Penman TTM as-of 2004-12-31: value=3.34 >= close=0.35 * (1+MOS 70%),IPA.V,24.0,2020-12-29,67.57142857142857,5842,2016-12-29,4381.0,ok,
IRO:CA,2006-12-29,0.07,4.143409507757894,0.064442571754325,1.8414814814814815,0.9831057007836334,20173000.0,Penman TTM as-of 2006-12-29: value=4.14 >= close=0.07 * (1+MOS 70%),IRO.V,1.15,2025-09-05,15.428571428571425,6825,2007-04-30,122.0,ok,
IVFH:US,2007-09-28,0.2,1.2232862903225803,-1.2943548387096775,,0.8365059744540585,2976000.0,Penman TTM as-of 2007-09-28: value=1.22 >= close=0.20 * (1+MOS 70%),IVFH.US,2.3475,2025-02-28,10.737499999999999,6363,2007-11-07,40.0,ok,
IVX:CA,2019-03-29,0.06,0.1980703745743473,0.1012485811577752,0.114750129690472,0.6970773638968482,4405000.0,Penman TTM as-of 2019-03-29: value=0.20 >= close=0.06 * (1+MOS 70%),IVX.V,4.39,2022-10-04,72.16666666666667,1285,2019-04-26,28.0,ok,
IZEA:US,2021-12-31,1.34,2.3050896658495676,4.826796542381628,-2.365562913907279,0.4186777113912714,15502000.0,Penman TTM as-of 2021-12-31: value=2.31 >= close=1.34 * (1+MOS 70%),IZEA.US,5.7,2025-10-15,3.253731343283582,1384,2023-06-16,532.0,ok,
JAKK:US,2002-12-31,13.47,158.33041052212036,143.71343164607413,0.1156565915300546,0.9149247453121578,2509000.0,Penman TTM as-of 2002-12-31: value=158.33 >= close=13.47 * (1+MOS 70%),JAKK.US,36.45,2023-12-19,1.7060133630289533,7658,2006-04-03,1189.0,ok,
JCTCF:US,2017-02-28,3.77,6.752132079597638,4.006122895254756,0.1926581811473897,0.4416578414703263,4573000.0,Penman TTM as-of 2017-02-28: value=6.75 >= close=3.77 * (1+MOS 70%),JCTCF.US,86.04,2017-09-01,21.822281167108756,185,2017-04-03,34.0,ok,
JOB:US,2005-03-31,1.45,6.739776951672862,9.87546468401487,0.0364116094986807,0.7848593491450634,538000.0,Penman TTM as-of 2005-03-31: value=6.74 >= close=1.45 * (1+MOS 70%),JOB.US,7.6999,2015-11-06,4.310275862068965,3872,2007-04-09,739.0,ok,
JRSH:US,2022-06-30,4.71,8.821068629019356,5.6459766437370025,0.2185774883498626,0.4660510876760275,12502000.0,Penman TTM as-of 2022-06-30: value=8.82 >= close=4.71 * (1+MOS 70%),JRSH.US,5.89,2022-07-28,0.25053078556263264,28,,,ok,
JTC:CA,2002-10-31,0.23,0.4614683082535339,0.2115823073415412,0.4971014492753623,0.5015909090909091,2193000.0,Penman TTM as-of 2002-10-31: value=0.46 >= close=0.23 * (1+MOS 70%),JTC.V,2.72,2019-06-18,10.82608695652174,6074,2004-12-15,776.0,ok,
KCN:AU,2003-06-30,2.7983,4.862498035311993,0.959867972965893,0.5389740114326124,0.4245139062929303,76348000.0,Penman TTM as-of 2003-06-30: value=4.86 >= close=2.80 * (1+MOS 70%),KCN.AU,11.5644,2010-10-14,3.13265196726584,2663,2006-01-27,942.0,ok,
KEQU:US,2008-10-31,9.0501,16.461553473848557,11.727556596409055,0.1384318012579812,0.4502280714649848,2562000.0,Penman TTM as-of 2008-10-31: value=16.46 >= close=9.05 * (1+MOS 70%),KEQU.US,69.67,2025-02-13,6.698257477817925,5949,2013-12-02,1858.0,ok,
KFS:US,2002-12-31,8.65,21.21130786945128,31.04073691733503,0.0717585483882007,0.5921986492658564,12593000.0,Penman TTM as-of 2002-12-31: value=21.21 >= close=8.65 * (1+MOS 70%),KFS.US,23.69,2006-10-16,1.738728323699422,1385,2005-06-22,904.0,ok,
KLNG:US,2005-07-29,1.05,22.84374999999999,-15.4375,0.210062893081761,0.9540355677154584,16000.0,Penman TTM as-of 2005-07-29: value=22.84 >= close=1.05 * (1+MOS 70%),KLNG.US,2.8,2025-10-13,1.6666666666666663,7381,2007-10-16,809.0,ok,
KMR:LN,2013-12-31,20.8,44.95086880643448,30.74353137567342,0.1981459883475603,0.5372725699792794,13179000.0,Penman TTM as-of 2013-12-31: value=44.95 >= close=20.80 * (1+MOS 70%),KMR.LSE,526.0,2022-04-19,24.288461538461537,3031,2016-07-26,938.0,ok,
KPG:AU,2019-03-29,0.81,1.394080928412862,0.5413323955425633,0.21715282181357,0.4189720385012572,45497000.0,Penman TTM as-of 2019-03-29: value=1.39 >= close=0.81 * (1+MOS 70%),KPG.AU,13.6,2025-02-17,15.790123456790122,2152,2020-11-03,585.0,ok,
KPRX:US,2015-03-31,3.5,2466.5000000000023,2134.0,0.7129937034917001,0.9985809852017028,1000.0,Penman TTM as-of 2015-03-31: value=2466.50 >= close=3.50 * (1+MOS 70%),KPRX.US,20.5,2015-07-24,4.857142857142857,115,2015-07-14,105.0,ok,
KRMD:US,2012-02-29,0.249,0.4465275838685228,0.1416490486257928,0.653840579710145,0.4423636769698052,25069000.0,Penman TTM as-of 2012-02-29: value=0.45 >= close=0.25 * (1+MOS 70%),KRMD.US,12.42,2020-04-27,48.87951807228915,2980,2015-12-31,1401.0,ok,
KTCC:US,2008-03-31,2.59,4.545850886646419,4.554031546977565,0.0998315870150563,0.4302496794146489,10207000.0,Penman TTM as-of 2008-03-31: value=4.55 >= close=2.59 * (1+MOS 70%),KTCC.US,13.1,2012-05-02,4.057915057915058,1493,2010-02-08,679.0,ok,
LAZY:US,2018-09-28,7.55,14.461988001654944,13.698386429458006,0.1211209177907791,0.4779417602105587,9668000.0,Penman TTM as-of 2018-09-28: value=14.46 >= close=7.55 * (1+MOS 70%),LAZY.US,25.1,2021-06-16,2.3245033112582782,992,2020-08-13,685.0,ok,
LDWY:US,2006-12-29,3.05,8.571303587051618,2.126859142607174,1.1049113233287855,0.6441614780034705,2286000.0,Penman TTM as-of 2006-12-29: value=8.57 >= close=3.05 * (1+MOS 70%),LDWY.US,25.37,2022-01-11,7.318032786885246,5492,2010-03-23,1180.0,ok,
LEAT:US,2012-03-30,0.04,1.6379542395693132,0.0,0.2472058726274717,0.9755792933442892,5201000.0,Penman TTM as-of 2012-03-30: value=1.64 >= close=0.04 * (1+MOS 70%),LEAT.US,33.9,2021-11-15,846.5,3517,2012-10-02,186.0,ok,
LEE:US,2002-09-30,32.86,249.30665163472375,167.48004509582864,0.1901507642547864,0.8681944513532457,4435000.0,Penman TTM as-of 2002-09-30: value=249.31 >= close=32.86 * (1+MOS 70%),LEE.US,49.7,2004-06-15,0.5124771758977481,624,,,ok,
LEU:US,2002-06-28,8.8,1891.6943521594685,3153.820598006645,0.0732219637696482,0.9953480857042502,301000.0,Penman TTM as-of 2002-06-28: value=1891.69 >= close=8.80 * (1+MOS 70%),LEU.US,436.0,2025-10-15,48.54545454545454,8510,2005-03-18,994.0,ok,
LIQT:US,2011-09-29,3.5,6.609533468559838,12.160243407707911,0.0442270457556302,0.4704618689581096,493000.0,Penman TTM as-of 2011-09-29: value=6.61 >= close=3.50 * (1+MOS 70%),LIQT.US,11.95,2021-02-08,2.414285714285714,3420,2019-04-09,2749.0,ok,
LMB:US,2015-03-30,9.6,23.647727272727273,24.971320346320347,-4.045762711864406,0.5940413262854397,1848000.0,Penman TTM as-of 2015-03-30: value=23.65 >= close=9.60 * (1+MOS 70%),LMB.US,149.53,2025-07-14,14.576041666666669,3759,2023-05-09,2962.0,ok,
LOVE:CA,2021-11-30,0.12,0.4978208287696239,0.7247398685651698,0.0550876162948243,0.758949419017716,87648000.0,Penman TTM as-of 2021-11-30: value=0.50 >= close=0.12 * (1+MOS 70%),LOVE.V,1.95,2025-08-07,15.250000000000002,1346,2023-02-10,437.0,ok,
LRK:AU,2016-12-30,0.043,0.2072148399179524,0.5940426290912334,-0.5614688128772635,0.7924859048848721,11213000.0,Penman TTM as-of 2016-12-30: value=0.21 >= close=0.04 * (1+MOS 70%),LRK.AU,5.52,2021-10-19,127.37209302325581,1754,2020-04-17,1204.0,ok,
LTRX:US,2008-09-30,0.438,1.160744416873449,1.7606947890818858,0.0401386481802426,0.6226559493779127,10075000.0,Penman TTM as-of 2008-09-30: value=1.16 >= close=0.44 * (1+MOS 70%),LTRX.US,9.97,2021-11-08,21.76255707762557,4787,2009-12-21,447.0,ok,
LUNA:US,2010-03-31,2.29,13.51664266282605,0.6253800608097295,46.074114441416896,0.8305792305734293,12498000.0,Penman TTM as-of 2010-03-31: value=13.52 >= close=2.29 * (1+MOS 70%),LUNA.US,12.79,2021-08-09,4.585152838427947,4149,2019-05-03,3320.0,ok,
MAI:CA,2006-09-29,0.29,0.6920000000000016,8.625777777777778,-118.90666666666668,0.5809248554913304,1125000.0,Penman TTM as-of 2006-09-29: value=0.69 >= close=0.29 * (1+MOS 70%),MAI.V,6.18,2026-01-14,20.310344827586206,7047,2007-03-28,180.0,ok,
MARA:US,2014-09-30,14.39,40.76653306613226,28.23547094188377,0.3473007712082262,0.6470143787636721,998000.0,Penman TTM as-of 2014-09-30: value=40.77 >= close=14.39 * (1+MOS 70%),MARA.US,76.09,2021-11-09,4.287699791521891,2597,2021-02-08,2323.0,ok,
MCB:CA,2008-12-31,1.35,2.9939327485380116,2.4908991228070176,0.1191971322165343,0.5490880679737286,27360000.0,Penman TTM as-of 2008-12-31: value=2.99 >= close=1.35 * (1+MOS 70%),MCB.TO,7.56,2014-01-23,4.599999999999999,1849,2010-11-04,673.0,ok,
MCCK:US,2012-12-21,14.69,27.422167290219136,16.050641368252272,0.2479010800900219,0.4643020063100705,7484000.0,Penman TTM as-of 2012-12-21: value=27.42 >= close=14.69 * (1+MOS 70%),MCCK.US,57.0,2026-01-14,2.880190605854323,4772,2017-07-19,1671.0,ok,
MCEM:US,2016-03-29,32.0,56.35677285677285,32.702408702408704,0.2391104679943642,0.4321889210844992,3861000.0,Penman TTM as-of 2016-03-29: value=56.36 >= close=32.00 * (1+MOS 70%),MCEM.US,255.0,2025-05-13,6.96875,3332,2017-09-29,549.0,ok,
MCHX:US,2009-03-31,3.44,9.013326794934663,4.120056537917905,0.1642367027923568,0.6183429184068616,34667000.0,Penman TTM as-of 2009-03-31: value=9.01 >= close=3.44 * (1+MOS 70%),MCHX.US,12.47,2014-03-21,2.6250000000000004,1816,2010-11-16,595.0,ok,
MDP:CA,2023-06-30,1.86,3.450840336134454,1.4925852694018784,0.1464237793623915,0.4610008523073177,20230000.0,Penman TTM as-of 2023-06-30: value=3.45 >= close=1.86 * (1+MOS 70%),MDP.TO,4.92,2025-01-24,1.6451612903225803,574,2025-01-09,559.0,ok,
MDRR:US,2018-12-28,8.7,87.18620689655172,128.31034482758622,,0.9002135738016136,145000.0,Penman TTM as-of 2018-12-28: value=87.19 >= close=8.70 * (1+MOS 70%),MDRR.US,14.48,2024-12-18,0.6643678160919542,2182,,,ok,
MHH:US,2009-03-31,2.0,3.9131057268722462,1.0972466960352425,1.2223880597014924,0.488897019504095,9080000.0,Penman TTM as-of 2009-03-31: value=3.91 >= close=2.00 * (1+MOS 70%),MHH.US,28.67,2020-06-16,13.335,4095,2009-08-11,133.0,ok,
MIND:US,2005-01-31,6.18,20.76919032597266,35.62250262881178,0.0540955104561038,0.7024438650229097,951000.0,Penman TTM as-of 2005-01-31: value=20.77 >= close=6.18 * (1+MOS 70%),MIND.US,26.09,2012-02-24,3.22168284789644,2580,2005-11-17,290.0,ok,
MINM:US,2010-12-31,0.35,29.04591836734694,43.43877551020408,-0.077533039647577,0.987950114175303,98000.0,Penman TTM as-of 2010-12-31: value=29.05 >= close=0.35 * (1+MOS 70%),MINM.US,7.23,2024-03-14,19.657142857142862,4822,2011-03-08,67.0,ok,
MKTW:US,2022-09-30,2.28,678.2440577249573,-278.45755517826825,,0.9966383782149928,1178000.0,Penman TTM as-of 2022-09-30: value=678.24 >= close=2.28 * (1+MOS 70%),MKTW.US,21.13,2025-07-28,8.267543859649123,1032,2025-04-03,916.0,ok,
MOUR:BE,2009-06-29,79.0,164.989898989899,100.68686868686868,0.6078579976067012,0.5211828088649443,396000.0,Penman TTM as-of 2009-06-29: value=164.99 >= close=79.00 * (1+MOS 70%),MOUR.BR,635.0,2024-05-24,7.037974683544304,5443,2019-07-05,3658.0,ok,
MPAA:US,2003-09-30,3.7,69.67029393370856,4.887679799874922,1.256109375,0.9468927172387048,7995000.0,Penman TTM as-of 2003-09-30: value=69.67 >= close=3.70 * (1+MOS 70%),MPAA.US,40.25,2015-11-10,9.878378378378377,4424,2004-02-20,143.0,ok,
MSN:US,2010-06-30,1.699,5.04170506063175,1.7405919427960634,0.2842186455494421,0.6630108307471864,27131000.0,Penman TTM as-of 2010-06-30: value=5.04 >= close=1.70 * (1+MOS 70%),MSN.US,2.89,2011-03-04,0.7010005885815186,247,,,ok,
MTBLY:US,2011-12-30,3.55,58.53824263604593,60.43659510733899,-1.3119752342225444,0.9393558836046434,20030000.0,Penman TTM as-of 2011-12-30: value=58.54 >= close=3.55 * (1+MOS 70%),MTBLY.US,33.86,2022-12-21,8.538028169014085,4009,2012-04-13,105.0,ok,
MXG:CA,2004-06-30,0.32,1.526424845205012,2.156403880844425,0.0774857341987193,0.7903598064423399,20511000.0,Penman TTM as-of 2004-06-30: value=1.53 >= close=0.32 * (1+MOS 70%),MXG.TO,8.25,2007-07-31,24.78125,1126,2005-01-11,195.0,ok,
NCI:CA,2004-12-31,0.11,0.3211920529801323,0.0068677949472651,0.313050706566916,0.6575257731958762,4077000.0,Penman TTM as-of 2004-12-31: value=0.32 >= close=0.11 * (1+MOS 70%),NCI.V,2.95,2025-05-26,25.81818181818182,7451,2011-04-13,2294.0,ok,
NCPL:US,2021-01-29,6.66,461.3103448275862,418.6206896551725,-4.802690582959642,0.9855628644042456,29000.0,Penman TTM as-of 2021-01-29: value=461.31 >= close=6.66 * (1+MOS 70%),NCPL.US,17.0,2021-07-13,1.5525525525525525,165,2021-03-17,47.0,ok,
NEON:US,2003-10-31,6.0,2662.399999999999,1077.4,0.564264792032806,0.9977463942307692,5000.0,Penman TTM as-of 2003-10-31: value=2662.40 >= close=6.00 * (1+MOS 70%),NEON.US,29.3,2025-07-23,3.8833333333333333,7936,2020-08-26,6144.0,ok,
NKR:NO,2015-06-30,4.75,10.681800839374285,10.205542645069544,0.1051982222087617,0.5553184269743187,86493000.0,Penman TTM as-of 2015-06-30: value=10.68 >= close=4.75 * (1+MOS 70%),NKR.OL,13.2,2025-12-29,1.7789473684210524,3835,2021-04-08,2109.0,ok,
NNBR:US,2011-09-30,5.05,9.207930367504837,5.779555711857452,0.1383403743482008,0.4515597101144837,17061000.0,Penman TTM as-of 2011-09-30: value=9.21 >= close=5.05 * (1+MOS 70%),NNBR.US,32.4,2017-10-27,5.415841584158415,2219,2012-02-13,136.0,ok,
NNUP:US,2016-09-30,0.0128,0.2027303754266211,-0.0462457337883959,47.6,0.9368619528619528,5860000.0,Penman TTM as-of 2016-09-30: value=0.20 >= close=0.01 * (1+MOS 70%),NNUP.US,4.4,2022-10-31,342.75,2222,2017-01-05,97.0,ok,
NPK:CA,2009-06-30,0.25,1.123970493446967,0.3366396906109002,8.153846153846153,0.7775742321906461,27926000.0,Penman TTM as-of 2009-06-30: value=1.12 >= close=0.25 * (1+MOS 70%),NPK.TO,10.77,2011-04-20,42.08,659,2009-07-23,23.0,ok,
NROM:US,2016-09-30,0.49,0.8650592620913783,0.6821831389791627,0.1223087013554875,0.4335648186514184,20924000.0,Penman TTM as-of 2016-09-30: value=0.87 >= close=0.49 * (1+MOS 70%),NROM.US,0.9,2021-07-22,0.8367346938775511,1756,,,ok,
NTE:CA,2015-11-30,0.07,0.1704963235294117,0.0212316176470588,3.711869436201781,0.5894339622641509,10880000.0,Penman TTM as-of 2015-11-30: value=0.17 >= close=0.07 * (1+MOS 70%),NTE.V,0.43,2021-11-12,5.142857142857142,2174,2016-05-13,165.0,ok,
NTIP:US,2010-09-30,1.43,5.464504835522895,0.8097681028805158,1.566591788343941,0.73831114747963,28849000.0,Penman TTM as-of 2010-09-30: value=5.46 >= close=1.43 * (1+MOS 70%),NTIP.US,5.0,2017-03-20,2.4965034965034967,2363,2016-11-18,2241.0,ok,
NTWK:US,2002-06-28,0.09,108.57622739018088,15.581395348837209,0.5100843208751139,0.99917108926914,387000.0,Penman TTM as-of 2002-06-28: value=108.58 >= close=0.09 * (1+MOS 70%),NTWK.US,13.61,2013-04-01,150.22222222222223,3930,2002-11-14,139.0,ok,
NTZ:US,2002-12-31,10.16,77.03055026742815,45.90490436043876,0.2033265822632435,0.8681042785657461,11031000.0,Penman TTM as-of 2002-12-31: value=77.03 >= close=10.16 * (1+MOS 70%),NTZ.US,22.75,2021-06-01,1.2391732283464567,6727,2021-06-01,6727.0,ok,
OBL:AU,2003-06-30,0.2956,0.9011597633136093,0.2417869822485207,0.8346650843881857,0.6719782528759783,84500000.0,Penman TTM as-of 2003-06-30: value=0.90 >= close=0.30 * (1+MOS 70%),OBL.AU,5.31,2020-06-17,16.963464140730718,6197,2003-08-08,39.0,ok,
OGN:CA,2020-12-31,0.3499,1.1191939732865002,2.418357443268475,-4.754922279792746,0.6873642922035019,21637000.0,Penman TTM as-of 2020-12-31: value=1.12 >= close=0.35 * (1+MOS 70%),OGN.V,4.0,2026-01-12,10.431837667905116,1838,2023-09-07,980.0,ok,
OML:CA,2008-12-31,0.91,1.6420258821338796,1.2487664090866772,0.1332362892438429,0.4458065430628791,10741000.0,Penman TTM as-of 2008-12-31: value=1.64 >= close=0.91 * (1+MOS 70%),OML.V,2.53,2011-02-16,1.78021978021978,777,2010-10-13,651.0,ok,
OPFI:US,2021-06-30,10.21,86.74988441978734,15.62852519648636,0.5073648501846768,0.8823053186953742,12978000.0,Penman TTM as-of 2021-06-30: value=86.75 >= close=10.21 * (1+MOS 70%),OPFI.US,16.94,2025-02-07,0.6591576885406464,1318,,,ok,
OPXS:US,2009-06-30,0.33,76.10431654676259,112.62589928057554,-0.0372659813465858,0.99566384648107,139000.0,Penman TTM as-of 2009-06-30: value=76.10 >= close=0.33 * (1+MOS 70%),OPXS.US,17.32,2025-10-21,51.48484848484849,5957,2015-10-12,2295.0,ok,
ORBT:US,1998-12-31,1.5312,3.5668348045397225,5.737704918032787,0.0700608695652173,0.5707118260562136,1586000.0,Penman TTM as-of 1998-12-31: value=3.57 >= close=1.53 * (1+MOS 70%),ORBT.US,14.7,2005-11-25,8.600313479623825,2521,2000-06-07,524.0,ok,
PALS:US,2009-12-31,1.2,5.238311235170968,-0.4110258199581298,,0.7709185372677012,1433000.0,Penman TTM as-of 2009-12-31: value=5.24 >= close=1.20 * (1+MOS 70%),PALS.US,2.1,2010-09-07,0.7500000000000001,250,,,ok,
PANL:US,2015-06-30,3.23,5.542395005675369,3.2701759364358685,228.87999999999997,0.4172194517546105,35240000.0,Penman TTM as-of 2015-06-30: value=5.54 >= close=3.23 * (1+MOS 70%),PANL.US,9.52,2024-01-30,1.9473684210526314,3136,2022-05-23,2519.0,ok,
PAY:BE,2011-03-30,1.68,2.9062305472242658,1.0707373663063775,0.8914836505612493,0.4219316146117299,17671000.0,Penman TTM as-of 2011-03-30: value=2.91 >= close=1.68 * (1+MOS 70%),PAY.BR,10.4,2022-11-25,5.190476190476191,4258,2017-04-10,2203.0,ok,
PAYS:US,2014-12-31,0.2371,0.607324716020368,0.0725682203943073,,0.6095992905514349,38295000.0,Penman TTM as-of 2014-12-31: value=0.61 >= close=0.24 * (1+MOS 70%),PAYS.US,17.95,2019-07-18,74.70645297342892,1660,2015-03-25,84.0,ok,
PCHM:US,1991-09-30,0.9298,8.53,0.0,0.6047337278106509,0.8909964830011723,5000000.0,Penman TTM as-of 1991-09-30: value=8.53 >= close=0.93 * (1+MOS 70%),PCHM.US,5.8,2021-05-17,5.237900623790062,10822,2020-11-10,10634.0,ok,
PDEX:US,2004-06-30,1.87,4.355827246744998,2.7513496348046997,0.1648962815490334,0.5706900448365108,3149000.0,Penman TTM as-of 2004-06-30: value=4.36 >= close=1.87 * (1+MOS 70%),PDEX.US,69.0,2025-04-28,35.89839572192513,7607,2014-01-22,3493.0,ok,
PESI:US,2003-03-31,2.05,3.901170351105333,6.47767663632423,0.0757950889766665,0.4745166666666668,6921000.0,Penman TTM as-of 2003-03-31: value=3.90 >= close=2.05 * (1+MOS 70%),PESI.US,15.5,2024-11-06,6.560975609756098,7891,2013-11-12,3879.0,ok,
PFHO:US,2024-03-28,0.66,1.236267166042447,0.858380149812734,0.9741877256317688,0.4661348144407977,12816000.0,Penman TTM as-of 2024-03-28: value=1.24 >= close=0.66 * (1+MOS 70%),PFHO.US,1.39,2025-10-15,1.1060606060606057,566,2025-10-14,565.0,ok,
PKT:CA,2020-04-30,0.1,0.4117891777127446,0.5784701899351581,-0.3089757127771911,0.7571572896707891,34854000.0,Penman TTM as-of 2020-04-30: value=0.41 >= close=0.10 * (1+MOS 70%),PKT.V,1.77,2021-03-19,16.7,323,2020-12-03,217.0,ok,
PLCE:US,2009-01-30,18.81,35.824631614199596,18.348258539852647,0.2371933754237633,0.4749422631175252,29860000.0,Penman TTM as-of 2009-01-30: value=35.82 >= close=18.81 * (1+MOS 70%),PLCE.US,159.55,2018-01-22,7.482190324295589,3279,2010-02-25,391.0,ok,
PMD:US,2002-06-28,2.99,6.885022692889561,5.343419062027231,0.1430139299282397,0.5657240166996265,1322000.0,Penman TTM as-of 2002-06-28: value=6.89 >= close=2.99 * (1+MOS 70%),PMD.US,27.15,2017-07-11,8.080267558528426,5492,2002-08-01,34.0,ok,
PNC:AU,2015-06-30,1.6,2.966353008269176,1.1598341777982497,3.366997223324078,0.4606171296741324,45591000.0,Penman TTM as-of 2015-06-30: value=2.97 >= close=1.60 * (1+MOS 70%),PNC.AU,3.69,2018-03-12,1.30625,986,2018-02-27,973.0,ok,
PNG:CA,2014-03-31,0.02,0.0649810964083175,0.0491493383742911,2.3333333333333335,0.6922181818181817,2116000.0,Penman TTM as-of 2014-03-31: value=0.06 >= close=0.02 * (1+MOS 70%),PNG.V,8.7,2026-01-13,434.0,4306,2015-02-24,330.0,ok,
POLA:US,2016-12-30,8.95,52.091097308488614,16.322981366459626,1.5422037422037425,0.8281856120826708,1449000.0,Penman TTM as-of 2016-12-30: value=52.09 >= close=8.95 * (1+MOS 70%),POLA.US,27.38,2021-01-25,2.059217877094972,1487,2021-01-22,1484.0,ok,
PPSI:US,2010-12-22,2.95,6.31819702291353,2.524167921057033,0.700834326579261,0.5330946487895913,5979000.0,Penman TTM as-of 2010-12-22: value=6.32 >= close=2.95 * (1+MOS 70%),PPSI.US,15.0,2011-06-21,4.084745762711864,181,2011-06-21,181.0,ok,
PRKA:US,2007-12-31,0.08,2.665703275529866,8.279383429672446,0.0444465630660692,0.9699891579327792,519000.0,Penman TTM as-of 2007-12-31: value=2.67 >= close=0.08 * (1+MOS 70%),PRKA.US,48.25,2025-05-16,602.125,6346,2017-03-13,3360.0,ok,
PROM:US,2006-12-27,0.535,33.683352735739234,35.9860302677532,-1.9821052631578948,0.9841167830234328,859000.0,Penman TTM as-of 2006-12-27: value=33.68 >= close=0.54 * (1+MOS 70%),PROM.US,3.0,2015-02-04,4.607476635514018,2961,2013-12-17,2547.0,ok,
PRPH:US,2022-03-31,7.0,11.94300960512273,3.545624332977588,1.101380846325167,0.4138830804425141,18740000.0,Penman TTM as-of 2022-03-31: value=11.94 >= close=7.00 * (1+MOS 70%),PRPH.US,14.7,2022-07-11,1.0999999999999999,102,2022-07-07,98.0,ok,
PRPO:US,2017-06-30,9.0,636.2500000000018,9884.5,-5.6,0.9858546168958744,2000.0,Penman TTM as-of 2017-06-30: value=636.25 >= close=9.00 * (1+MOS 70%),PRPO.US,26.25,2025-11-19,1.9166666666666667,3064,2017-07-05,5.0,ok,
PRTH:US,2017-03-29,10.0,21.929467762873216,23.25832972739074,-1.4829896907216495,0.5439925807533693,2311000.0,Penman TTM as-of 2017-03-29: value=21.93 >= close=10.00 * (1+MOS 70%),PRTH.US,12.29,2025-01-03,0.22899999999999993,2837,,,ok,
PRTS:US,2007-03-30,5.37,11.418897044984002,3.497157914549219,,0.5297269098017755,26565000.0,Penman TTM as-of 2007-03-30: value=11.42 >= close=5.37 * (1+MOS 70%),PRTS.US,21.87,2021-02-09,3.072625698324022,5065,2020-07-09,4850.0,ok,
PTE:CA,2015-12-31,0.12,0.2077191756898358,-0.0250785888927698,16.35609756097561,0.4222969564486295,28630000.0,Penman TTM as-of 2015-12-31: value=0.21 >= close=0.12 * (1+MOS 70%),PTE.V,1.42,2017-02-08,10.833333333333332,405,2016-04-12,103.0,ok,
PYPD:US,2020-09-30,11.01,34.73615635179158,129.04397394136808,,0.6830391972993253,614000.0,Penman TTM as-of 2020-09-30: value=34.74 >= close=11.01 * (1+MOS 70%),PYPD.US,15.5,2021-02-11,0.407811080835604,134,,,ok,
QBY:DE,2019-06-28,1.362,7.098623412399699,1.5489933853324152,0.5582862981222287,0.8081318136103837,124874000.0,Penman TTM as-of 2019-06-28: value=7.10 >= close=1.36 * (1+MOS 70%),QBY.XETRA,2.23,2021-02-19,0.6372980910425843,602,,,ok,
QIPT:CA,2007-06-29,0.06,10.499999999999996,-12.61111111111111,0.0858844550327576,0.9942857142857142,18000.0,Penman TTM as-of 2007-06-29: value=10.50 >= close=0.06 * (1+MOS 70%),QIPT.TO,9.68,2023-04-03,160.33333333333331,5757,2008-12-05,525.0,ok,
QIS:CA,2012-09-28,0.07,0.1384548832001629,0.3129675810473815,0.0273593898951382,0.4944201433560008,39298000.0,Penman TTM as-of 2012-09-28: value=0.14 >= close=0.07 * (1+MOS 70%),QIS.V,1.65,2020-02-13,22.571428571428566,2694,2014-02-06,496.0,ok,
QRHC:US,2009-09-30,0.15,2.44,1.24,9.1,0.9385245901639344,75000.0,Penman TTM as-of 2009-09-30: value=2.44 >= close=0.15 * (1+MOS 70%),QRHC.US,10.66,2024-05-06,70.06666666666666,5332,2010-01-05,97.0,ok,
QST:CA,2003-12-31,0.06,0.1053866477384754,0.0356480933790764,0.3375419744795164,0.43066791393826,25359000.0,Penman TTM as-of 2003-12-31: value=0.11 >= close=0.06 * (1+MOS 70%),QST.V,5.6,2020-02-13,92.33333333333334,5888,2004-02-18,49.0,ok,
QTRH:CA,2017-09-29,1.64,4.61965235570317,2.7706424338472693,0.1969291820505851,0.644994931712698,118627000.0,Penman TTM as-of 2017-09-29: value=4.62 >= close=1.64 * (1+MOS 70%),QTRH.TO,3.06,2021-02-10,0.8658536585365855,1230,,,ok,
QURE:US,2021-06-30,30.8,58.09503515874706,13.501129341572556,10.984651791751183,0.4698342136150233,46930000.0,Penman TTM as-of 2021-06-30: value=58.10 >= close=30.80 * (1+MOS 70%),QURE.US,70.59,2025-10-29,1.291883116883117,1582,2025-10-09,1562.0,ok,
QXO:US,2013-12-31,2.1,4.6086065573770485,-0.819672131147541,0.4398173515981735,0.5443308136949755,488000.0,Penman TTM as-of 2013-12-31: value=4.61 >= close=2.10 * (1+MOS 70%),QXO.US,235.61,2024-06-10,111.1952380952381,3814,2014-01-03,3.0,ok,
RAVE:US,2009-03-31,1.01,2.0649951049711732,0.3402588926357011,0.8215244596131966,0.5108947243658966,9193000.0,Penman TTM as-of 2009-03-31: value=2.06 >= close=1.01 * (1+MOS 70%),RAVE.US,15.37,2015-03-23,14.217821782178218,2183,2009-06-24,85.0,ok,
RBCN:US,2007-12-31,23.75,115.92337725719864,51.57735480722304,0.0715425993406212,0.7951232912468899,2049000.0,Penman TTM as-of 2007-12-31: value=115.92 >= close=23.75 * (1+MOS 70%),RBCN.US,34.76,2010-07-26,0.463578947368421,938,,,ok,
RDCM:US,2005-06-30,0.4075,1.91025641025641,2.7221807318894693,-0.2558647026732134,0.7866778523489932,4017000.000000001,Penman TTM as-of 2005-06-30: value=1.91 >= close=0.41 * (1+MOS 70%),RDCM.US,22.05,2017-03-28,53.110429447852766,4289,2005-11-29,152.0,ok,
REACH:NO,2023-06-30,3.71,7.7616018081761,2.928836477987421,0.4065343165059558,0.5220058833613608,254400000.0,Penman TTM as-of 2023-06-30: value=7.76 >= close=3.71 * (1+MOS 70%),REACH.OL,10.0,2024-07-17,1.6954177897574125,383,2024-06-21,357.0,ok,
REMI:US,2004-03-30,0.1,2.7781707933299646,0.0682162708438605,70.616,0.964005092761004,1979000.0,Penman TTM as-of 2004-03-30: value=2.78 >= close=0.10 * (1+MOS 70%),REMI.US,4.0,2005-08-24,39.0,512,2005-06-07,434.0,ok,
RET:CA,2022-01-31,2.01,6.120633556387745,3.761802443366689,0.163783553472518,0.6716026238979328,48867000.0,Penman TTM as-of 2022-01-31: value=6.12 >= close=2.01 * (1+MOS 70%),RET.V,5.97,2023-02-16,1.9701492537313434,381,2023-01-31,365.0,ok,
RGL:PL,2023-12-29,0.6275,1.1570973656277137,0.3857956190292386,0.5180439330543932,0.4576947293803685,20726000.0,Penman TTM as-of 2023-12-29: value=1.16 >= close=0.63 * (1+MOS 70%),RGL.WAR,1.84,2025-02-13,1.9322709163346616,412,2025-01-02,370.0,ok,
RGS:US,2003-06-30,29.05,426.6001769128704,248.91817779743477,0.1565160141297421,0.931903450649686,2261000.0,Penman TTM as-of 2003-06-30: value=426.60 >= close=29.05 * (1+MOS 70%),RGS.US,46.68,2004-12-29,0.6068846815834767,548,,,ok,
RICK:US,2008-12-31,3.99,12.743645833333334,6.973645833333333,0.2159629032595725,0.6869027865194255,9600000.0,Penman TTM as-of 2008-12-31: value=12.74 >= close=3.99 * (1+MOS 70%),RICK.US,96.97,2023-01-11,23.303258145363408,5124,2009-08-04,216.0,ok,
RIME:US,2002-03-28,15.95,63980.99999999999,16225.000000000002,0.6069639065817409,0.9997507072412124,1000.0,Penman TTM as-of 2002-03-28: value=63981.00 >= close=15.95 * (1+MOS 70%),RIME.US,16.49,2002-04-05,0.0338557993730407,8,,,ok,
RKN:AU,2008-12-31,0.9866,1.8592705061082024,0.2679441535776614,1.3248864888100804,0.4693617756218073,143250000.0,Penman TTM as-of 2008-12-31: value=1.86 >= close=0.99 * (1+MOS 70%),RKN.AU,2.5369,2011-04-05,1.5713561727143726,825,2010-07-26,572.0,ok,
RLGT:US,2013-12-31,2.68,1057.1897311964724,1056.439215353741,0.1869248522744013,0.9974649772685864,35379000.0,Penman TTM as-of 2013-12-31: value=1057.19 >= close=2.68 * (1+MOS 70%),RLGT.US,8.64,2021-11-22,2.2238805970149254,2883,2015-04-02,457.0,ok,
ROI:CA,2012-09-28,0.05,0.1660428227410742,-5.235053921055387e-05,0.4611940298507462,0.6988728619847088,38204000.0,Penman TTM as-of 2012-09-28: value=0.17 >= close=0.05 * (1+MOS 70%),ROI.V,1.04,2020-12-16,19.799999999999997,3001,2019-08-13,2510.0,ok,
RRR:US,2016-06-30,21.98,51.88548670221574,18.75636736992018,0.1760277244564806,0.5763747938580799,30193000.0,Penman TTM as-of 2016-06-30: value=51.89 >= close=21.98 * (1+MOS 70%),RRR.US,63.65,2026-01-08,1.8958143767060964,3479,2021-05-27,1792.0,ok,
RSKIA:US,2003-04-29,2.5,6.553581343697946,3.183971867481029,0.5101374183374634,0.6185291874947048,5403000.0,Penman TTM as-of 2003-04-29: value=6.55 >= close=2.50 * (1+MOS 70%),RSKIA.US,19.57,2025-09-04,6.828,8164,2003-11-12,197.0,ok,
RW:CA,2010-06-30,0.025,0.0465627347858752,-0.0182569496619083,,0.463089955627269,26620000.0,Penman TTM as-of 2010-06-30: value=0.05 >= close=0.03 * (1+MOS 70%),RW.V,0.68,2025-10-31,26.2,5602,2010-09-13,75.0,ok,
RX:CA,2011-03-31,0.07,0.1406437185528312,0.0543886271064611,0.532,0.5022884724588301,12521000.0,Penman TTM as-of 2011-03-31: value=0.14 >= close=0.07 * (1+MOS 70%),RX.V,13.25,2026-01-13,188.28571428571428,5402,2011-05-27,57.0,ok,
SANW:US,2010-06-30,3.27,73.56734693877551,62.2530612244898,-0.3371014492753624,0.955550932090546,245000.0,Penman TTM as-of 2010-06-30: value=73.57 >= close=3.27 * (1+MOS 70%),SANW.US,11.1,2013-03-18,2.3944954128440368,992,2012-04-27,667.0,ok,
SBSAA:US,2004-06-30,9.33,18.275108158220025,46.84564276885043,0.0625351912917065,0.4894695057767181,6472000.0,Penman TTM as-of 2004-06-30: value=18.28 >= close=9.33 * (1+MOS 70%),SBSAA.US,11.1,2004-11-22,0.18971061093247585,145,,,ok,
SDCH:US,2021-12-31,0.156,0.2822621035058431,0.0774123539232053,,0.4473221942924738,59900000.0,Penman TTM as-of 2021-12-31: value=0.28 >= close=0.16 * (1+MOS 70%),SDCH.US,0.176,2022-07-21,0.12820512820512814,202,,,ok,
SDV:AU,2007-12-31,0.088,1.9424407478286476,5.247166200500515,0.022197962154294,0.9546961727927245,6793000.0,Penman TTM as-of 2007-12-31: value=1.94 >= close=0.09 * (1+MOS 70%),SDV.AU,1.02,2021-04-09,10.590909090909092,4848,2019-07-22,4221.0,ok,
SEAC:US,2002-01-31,28.45,81.37377543330821,116.14619442351167,0.0099332448469706,0.6503787633238565,1327000.0,Penman TTM as-of 2002-01-31: value=81.37 >= close=28.45 * (1+MOS 70%),SEAC.US,28.26,2002-02-01,-0.006678383128295175,1,,,ok,
SENEA:US,2006-12-28,24.55,46.53141772483309,34.865296504778115,0.1211606384936394,0.4723994840394031,7639000.0,Penman TTM as-of 2006-12-28: value=46.53 >= close=24.55 * (1+MOS 70%),SENEA.US,127.82,2025-11-25,4.206517311608961,6907,2021-02-09,5157.0,ok,
SFD:CA,2020-03-31,0.3222,0.6285562288939258,0.3912661331359578,0.2219518960256765,0.4873966954921801,64851000.0,Penman TTM as-of 2020-03-31: value=0.63 >= close=0.32 * (1+MOS 70%),SFD.TO,0.93,2025-08-15,1.8864059590316578,1963,2020-09-03,156.0,ok,
SILC:US,2008-09-30,4.9,8.39850014850015,6.464062964062964,0.1890366016199036,0.4165624917116814,6734000.0,Penman TTM as-of 2008-09-30: value=8.40 >= close=4.90 * (1+MOS 70%),SILC.US,76.79,2018-01-03,14.67142857142857,3382,2009-10-14,379.0,ok,
SKAND:NO,2024-06-28,0.844,2.4758619815113048,1.082856744315804,1.0504273504273505,0.6591086230562784,78859000.0,Penman TTM as-of 2024-06-28: value=2.48 >= close=0.84 * (1+MOS 70%),SKAND.OL,1.89,2025-07-17,1.2393364928909951,384,2025-05-02,308.0,ok,
SKAS:US,2007-12-31,0.38,2.941755537325677,5.443806398687449,0.0314606741573033,0.8708254322364752,1219000.0,Penman TTM as-of 2007-12-31: value=2.94 >= close=0.38 * (1+MOS 70%),SKAS.US,12.41,2024-06-10,31.657894736842103,6006,2019-03-04,4081.0,ok,
SLNH:US,2011-12-30,0.501,20.816666666666663,23.404761904761905,0.0405686167304537,0.9759327461969576,210000.0,Penman TTM as-of 2011-12-30: value=20.82 >= close=0.50 * (1+MOS 70%),SLNH.US,16.61,2021-11-15,32.153692614770456,3608,2013-07-26,574.0,ok,
SMID:US,2005-03-31,0.93,1.69086859688196,1.046102449888641,0.1346540579363179,0.4499868282402529,4490000.0,Penman TTM as-of 2005-03-31: value=1.69 >= close=0.93 * (1+MOS 70%),SMID.US,50.03,2024-12-02,52.795698924731184,7186,2005-07-12,103.0,ok,
SMTI:US,2017-06-30,0.078,3.608579088471849,-0.161751563896336,0.86018018018018,0.9783848439821694,1119000.0,Penman TTM as-of 2017-06-30: value=3.61 >= close=0.08 * (1+MOS 70%),SMTI.US,52.75,2020-12-21,675.2820512820513,1270,2019-05-10,679.0,ok,
SODI:US,2001-02-27,0.4,2.3454166666666665,1.0720833333333333,0.7572043010752688,0.8294546100550719,2400000.0,Penman TTM as-of 2001-02-27: value=2.35 >= close=0.40 * (1+MOS 70%),SODI.US,21.5,2025-11-20,52.75,9032,2003-07-15,868.0,ok,
SOHO:US,2004-12-31,9.94,28.266408114558473,9.079057279236276,0.3065461318311906,0.6483458400616366,6704000.0,Penman TTM as-of 2004-12-31: value=28.27 >= close=9.94 * (1+MOS 70%),SOHO.US,11.0,2007-07-05,0.10663983903420529,916,,,ok,
SOWG:US,2011-06-30,1.07,53.989208633093526,74.73741007194245,-0.0990915254237288,0.9801812245985742,278000.0,Penman TTM as-of 2011-06-30: value=53.99 >= close=1.07 * (1+MOS 70%),SOWG.US,23.68,2024-06-10,21.130841121495326,4729,2020-02-26,3163.0,ok,
SPND:US,2002-12-10,0.22,0.7457503642544924,0.3681398737251092,0.564179104477612,0.7049951155975253,8236000.000000001,Penman TTM as-of 2002-12-10: value=0.75 >= close=0.22 * (1+MOS 70%),SPND.US,10.25,2008-05-23,45.590909090909086,1991,2003-04-30,141.0,ok,
SPOK:US,2009-03-31,9.21,73.23918228279386,5.094676320272573,0.7758437312562831,0.8742476402257197,23480000.0,Penman TTM as-of 2009-03-31: value=73.24 >= close=9.21 * (1+MOS 70%),SPOK.US,22.4,2017-01-04,1.4321389793702493,2836,2010-12-07,616.0,ok,
SPRS:US,2010-05-27,0.31,0.8437237174095877,0.0,0.8617940199335549,0.6325811475920502,9512000.0,Penman TTM as-of 2010-05-27: value=0.84 >= close=0.31 * (1+MOS 70%),SPRS.US,3.95,2022-02-17,11.741935483870968,4284,2010-10-20,146.0,ok,
SRB:LN,2008-12-31,1.4258,13.988587731811698,36.73323823109843,0.0,0.8980740566999795,701000.0,Penman TTM as-of 2008-12-31: value=13.99 >= close=1.43 * (1+MOS 70%),SRB.LSE,350.0,2026-01-12,244.4762238743162,6221,2009-09-21,264.0,ok,
SRL:US,2002-12-31,5.6586,45.5582304205096,29.17930279818665,0.1468232865142177,0.8757941222086496,6397000.0,Penman TTM as-of 2002-12-31: value=45.56 >= close=5.66 * (1+MOS 70%),SRL.US,53.3238,2007-07-12,8.423496978051109,1654,2003-10-17,290.0,ok,
SSA:CA,2014-12-31,0.01,0.0312295618051013,-0.1523871811641595,6.08411214953271,0.6797905759162302,12232000.0,Penman TTM as-of 2014-12-31: value=0.03 >= close=0.01 * (1+MOS 70%),SSA.V,0.28,2023-10-25,27.0,3220,2015-02-03,34.0,ok,
STC:CA,2002-06-28,0.14,0.3210961737331957,2.0100827300930715,0.0392109425886293,0.5639935587761677,3868000.0,Penman TTM as-of 2002-06-28: value=0.32 >= close=0.14 * (1+MOS 70%),STC.TO,28.49,2021-11-12,202.49999999999997,7077,2002-07-12,14.0,ok,
STKS:US,2024-09-30,3.68,7.4451593137254894,6.435210268317854,0.1141480516018857,0.5057191062096209,31008000.0,Penman TTM as-of 2024-09-30: value=7.45 >= close=3.68 * (1+MOS 70%),STKS.US,5.13,2025-07-03,0.3940217391304347,276,,,ok,
SUP:US,2018-12-31,4.81,11.89257744009351,20.17253068381064,0.073866123914701,0.5955460433846728,25665000.0,Penman TTM as-of 2018-12-31: value=11.89 >= close=4.81 * (1+MOS 70%),SUP.US,9.25,2021-06-07,0.9230769230769232,889,,,ok,
SVB:CA,2013-07-31,0.38,0.8115821766244218,1.7530677932005632,0.0336940159739316,0.5317787761425252,19884000.0,Penman TTM as-of 2013-07-31: value=0.81 >= close=0.38 * (1+MOS 70%),SVB.TO,1.49,2021-06-28,2.921052631578947,2889,2020-09-18,2606.0,ok,
SVBL:US,2013-07-31,0.37,0.8165359082679543,1.685324884329109,0.0385777777777777,0.5468662232076867,19884000.0,Penman TTM as-of 2013-07-31: value=0.82 >= close=0.37 * (1+MOS 70%),SVBL.US,1.21,2021-06-10,2.27027027027027,2871,2020-12-16,2695.0,ok,
SVT:US,2008-09-30,7.5,16.362819299905393,7.90066225165563,0.2149900366394549,0.5416437801740337,2114000.0,Penman TTM as-of 2008-09-30: value=16.36 >= close=7.50 * (1+MOS 70%),SVT.US,47.01,2025-06-26,5.268,6113,2025-05-19,6075.0,ok,
SWP:AU,2005-06-30,0.565,82.94736842105269,349.63157894736844,-0.60375,0.9931884517766498,19000.0,Penman TTM as-of 2005-06-30: value=82.95 >= close=0.56 * (1+MOS 70%),SWP.AU,2.6515,2021-09-22,3.6929203539823012,5928,2021-05-27,5810.0,ok,
SXP:CA,2013-06-28,1.29,2.694796450398812,1.7713476744587549,0.1247247312026773,0.5212996514786531,28961000.0,Penman TTM as-of 2013-06-28: value=2.69 >= close=1.29 * (1+MOS 70%),SXP.TO,7.75,2023-02-07,5.007751937984496,3511,2014-05-08,314.0,ok,
SYTA:US,2015-09-30,0.0137,540.3333333333334,527.0,-0.1341345351360374,0.999974645280691,9000.0,Penman TTM as-of 2015-09-30: value=540.33 >= close=0.01 * (1+MOS 70%),SYTA.US,12.88,2025-10-03,939.1459854014599,3656,2020-09-25,1822.0,ok,
SYZ:CA,2002-02-28,0.1,0.8150943396226416,0.4257289879931389,0.282475884244373,0.8773148148148149,2915000.0,Penman TTM as-of 2002-02-28: value=0.82 >= close=0.10 * (1+MOS 70%),SYZ.TO,17.75,2021-04-27,176.49999999999997,6998,2002-04-12,43.0,ok,
TAO:CA,2005-09-30,1.4187,2.922453703703704,4.910078347578348,-0.9800677310111272,0.5145517623762377,5616000.0,Penman TTM as-of 2005-09-30: value=2.92 >= close=1.42 * (1+MOS 70%),TAO.V,2.5123,2009-12-17,0.7708465496581378,1539,,,ok,
TAPM:US,2009-10-02,0.8,1098.000000000001,7396.0,0.1281553398058252,0.9992714025500912,1000.0,Penman TTM as-of 2009-10-02: value=1098.00 >= close=0.80 * (1+MOS 70%),TAPM.US,6.004,2021-03-17,6.504999999999999,4184,2020-01-02,3744.0,ok,
TATT:US,2002-12-31,3.63,10.11044603205252,4.908090364935315,1.2173441209243738,0.6409653947519194,5179000.0,Penman TTM as-of 2002-12-31: value=10.11 >= close=3.63 * (1+MOS 70%),TATT.US,52.9,2026-01-12,13.573002754820935,8413,2003-12-15,349.0,ok,
TBR:AU,2006-06-30,0.72,2.706238204032979,0.3705970000993344,1.220355458140754,0.7339480320220821,50335000.0,Penman TTM as-of 2006-06-30: value=2.71 >= close=0.72 * (1+MOS 70%),TBR.AU,10.5,2018-09-20,13.583333333333332,4465,2007-09-05,432.0,ok,
TBRD:CA,2002-03-26,0.14,0.5068493150684932,8.424657534246576,-0.0570652173913043,0.7237837837837837,73000.0,Penman TTM as-of 2002-03-26: value=0.51 >= close=0.14 * (1+MOS 70%),TBRD.V,5.3,2021-04-14,36.857142857142854,6959,2002-06-24,90.0,ok,
TBTC:US,2008-12-31,1.5,3.2704566003616637,0.5323236889692586,1.5012145748987855,0.5413484466254277,4424000.0,Penman TTM as-of 2008-12-31: value=3.27 >= close=1.50 * (1+MOS 70%),TBTC.US,6.1125,2025-08-12,3.0749999999999997,6068,2018-11-01,3592.0,ok,
TH:CA,2016-02-29,1.5,3.085040234089246,1.252865154840283,0.5249257740704085,0.5137826782856125,16404000.0,Penman TTM as-of 2016-02-29: value=3.09 >= close=1.50 * (1+MOS 70%),TH.TO,14.57,2018-05-25,8.713333333333333,816,2016-05-31,92.0,ok,
THRY:US,2020-09-30,3.2583,13.205619288353102,1.1943418238382266,0.1343649633953671,0.753264127273932,30858000.0,Penman TTM as-of 2020-09-30: value=13.21 >= close=3.26 * (1+MOS 70%),THRY.US,41.69,2021-12-27,11.795015805788294,453,2020-10-01,1.0,ok,
TLA:CA,2009-02-27,0.24,0.5337450552999111,0.3070154193912973,0.2512385568120624,0.5503471224381759,24774000.0,Penman TTM as-of 2009-02-27: value=0.53 >= close=0.24 * (1+MOS 70%),TLA.V,1.5,2014-02-03,5.25,1802,2012-04-13,1141.0,ok,
TLF:US,2009-03-30,2.0,3.4301902630106325,2.9761238574892745,0.1192846249826701,0.4169419633753416,10722000.0,Penman TTM as-of 2009-03-30: value=3.43 >= close=2.00 * (1+MOS 70%),TLF.US,9.95,2014-03-19,3.9749999999999996,1815,2010-03-12,347.0,ok,
TNZ:CA,2018-09-28,0.51,2.011111111111111,3.616030534351145,0.0466535100084578,0.7464088397790055,11790000.0,Penman TTM as-of 2018-09-28: value=2.01 >= close=0.51 * (1+MOS 70%),TNZ.TO,31.72,2026-01-14,61.19607843137254,2665,2021-12-23,1182.0,ok,
TOMZ:US,2020-06-30,1.28,2.43497576736672,0.6547657512116317,0.6170642058340501,0.4743274174821694,18570000.0,Penman TTM as-of 2020-06-30: value=2.43 >= close=1.28 * (1+MOS 70%),TOMZ.US,10.24,2020-10-06,7.000000000000001,98,2020-09-15,77.0,ok,
TORM:US,1996-12-31,2.75,6.39481000926784,7.506950880444856,0.0865168539325842,0.569963768115942,1079000.0,Penman TTM as-of 1996-12-31: value=6.39 >= close=2.75 * (1+MOS 70%),TORM.US,21.69,2011-03-23,6.887272727272728,5195,2003-08-29,2432.0,ok,
TPCS:US,2008-03-31,3.05,5.789766630901287,0.5578057939914163,0.7720561633215609,0.4732084737713842,7456000.0,Penman TTM as-of 2008-03-31: value=5.79 >= close=3.05 * (1+MOS 70%),TPCS.US,8.3,2023-06-07,1.7213114754098364,5546,2023-02-24,5443.0,ok,
TRT:LN,2014-06-30,5.3309,19.430555555555557,59.44444444444444,-0.0777297964219617,0.72564345961401,108000.0,Penman TTM as-of 2014-06-30: value=19.43 >= close=5.33 * (1+MOS 70%),TRT.LSE,190.0,2024-09-20,34.64126132547975,3735,2016-11-24,878.0,ok,
TSAT:US,2021-12-31,28.67,299.3661397670549,110.25199667221298,0.0678536803306154,0.9042309861018052,12020000.0,Penman TTM as-of 2021-12-31: value=299.37 >= close=28.67 * (1+MOS 70%),TSAT.US,35.15,2025-10-14,0.2260202302057899,1383,,,ok,
TSK:CA,2002-03-29,0.1,0.4144067796610169,0.2338983050847457,0.2554744525547445,0.7586912065439672,1180000.0,Penman TTM as-of 2002-03-29: value=0.41 >= close=0.10 * (1+MOS 70%),TSK.TO,1.94,2026-01-12,18.4,8690,2005-05-09,1137.0,ok,
TSSI:US,2023-12-29,0.27,0.7590408977337482,0.1555691930039889,,0.6442879417879417,22813000.0,Penman TTM as-of 2023-12-29: value=0.76 >= close=0.27 * (1+MOS 70%),TSSI.US,31.1,2025-06-26,114.18518518518519,545,2024-03-26,88.0,ok,
TTZ:CA,2003-12-31,0.36,0.6645194014709612,0.5282272381435456,0.1326647216143933,0.4582550950309137,19715000.0,Penman TTM as-of 2003-12-31: value=0.66 >= close=0.36 * (1+MOS 70%),TTZ.V,0.58,2004-03-04,0.611111111111111,64,,,ok,
TUSK:US,2018-09-28,29.1,71.35915664788608,15.334679029324342,0.6073710251395891,0.5922037007305068,45082000.0,Penman TTM as-of 2018-09-28: value=71.36 >= close=29.10 * (1+MOS 70%),TUSK.US,30.03,2018-10-01,0.03195876288659793,3,,,ok,
UBI:AU,2018-09-28,0.24,1.884889753566796,0.3065076411210737,3.0099599729687587,0.8726715981420953,177330000.0,Penman TTM as-of 2018-09-28: value=1.88 >= close=0.24 * (1+MOS 70%),UBI.AU,1.0,2022-01-05,3.166666666666667,1195,2020-12-03,797.0,ok,
UFPT:US,2008-12-31,5.29,11.41325378910029,5.141889712995808,0.2328154345227932,0.5365037790492336,6202000.0,Penman TTM as-of 2008-12-31: value=11.41 >= close=5.29 * (1+MOS 70%),UFPT.US,358.42,2024-09-20,66.75425330812854,5742,2010-03-08,432.0,ok,
UNTC:US,2021-12-31,32.3,114.01650574712642,36.751080459770115,0.3228831036892915,0.7167076837836345,10875000.0,Penman TTM as-of 2021-12-31: value=114.02 >= close=32.30 * (1+MOS 70%),UNTC.US,67.0,2023-12-27,1.0743034055727556,726,2023-01-06,371.0,ok,
USAU:US,2004-04-30,6.9,1033.5,1171.7142857142858,0.0896871502424985,0.9933236574746008,14000.0,Penman TTM as-of 2004-04-30: value=1033.50 >= close=6.90 * (1+MOS 70%),USAU.US,22.54,2025-12-26,2.266666666666666,7910,2020-12-29,6087.0,ok,
USIO:US,2003-09-30,0.31,8.992764109985528,0.4218523878437047,1.0567851373182553,0.9655278403604762,1382000.0,Penman TTM as-of 2003-09-30: value=8.99 >= close=0.31 * (1+MOS 70%),USIO.US,8.26,2021-11-24,25.64516129032258,6630,2015-07-23,4314.0,ok,
USWE:SE,2021-06-30,37.6,70.02504816955684,44.21451509312781,,0.4630492804666648,1557000.0,Penman TTM as-of 2021-06-30: value=70.03 >= close=37.60 * (1+MOS 70%),USWE.ST,77.8,2021-08-26,1.0691489361702127,57,2021-08-26,57.0,ok,
UUUU:US,2006-12-29,3.608,18.114701130856226,45.85137318255251,-2.0955242966751917,0.8008247569785071,619000.0,Penman TTM as-of 2006-12-29: value=18.11 >= close=3.61 * (1+MOS 70%),UUUU.US,26.23,2025-10-14,6.269955654101995,6864,2014-01-21,2580.0,ok,
VAR:AU,2007-03-30,0.1427,0.6438218220589979,1.5512380049757135,-1.863974358974359,0.778354825650934,8441000.0,Penman TTM as-of 2007-03-30: value=0.64 >= close=0.14 * (1+MOS 70%),VAR.AU,0.3183,2007-12-04,1.2305536089698672,249,2007-07-24,116.0,ok,
VASO:US,2021-12-31,0.0546,0.1407928990011353,0.064851661142903,0.3043196544276457,0.6121963509000569,174398000.0,Penman TTM as-of 2021-12-31: value=0.14 >= close=0.05 * (1+MOS 70%),VASO.US,0.3545,2023-10-03,5.492673992673993,641,2022-05-31,151.0,ok,
VCI:CA,2003-03-31,0.32,0.7140319715808171,0.9680284191829484,0.0784800601956358,0.5518407960199005,4504000.0,Penman TTM as-of 2003-03-31: value=0.71 >= close=0.32 * (1+MOS 70%),VCI.V,7.45,2025-12-18,22.28125,8298,2004-01-05,280.0,ok,
VCM:CA,2008-09-30,4.75,8.658432004179,5.393696674212085,0.1723812786820377,0.4514018245211825,22972000.0,Penman TTM as-of 2008-09-30: value=8.66 >= close=4.75 * (1+MOS 70%),VCM.TO,23.2,2023-04-03,3.884210526315789,5298,2014-11-21,2243.0,ok,
VEE:AU,2018-12-31,0.54,1.124303846153846,0.2292538461538461,0.3955273350688932,0.5197027904446853,130000000.0,Penman TTM as-of 2018-12-31: value=1.12 >= close=0.54 * (1+MOS 70%),VEE.AU,1.99,2024-04-29,2.685185185185185,1946,2021-03-04,794.0,ok,
VIRC:US,2023-07-31,4.45,8.993463851724561,5.050632134528047,0.1612742316221178,0.5051962098956254,16294000.0,Penman TTM as-of 2023-07-31: value=8.99 >= close=4.45 * (1+MOS 70%),VIRC.US,18.24,2024-08-23,3.0988764044943817,389,2023-12-11,133.0,ok,
VLE:CA,2008-06-30,1.05,6.717046580773044,7.975222993062439,-0.4877314814814815,0.8436812984138695,2018000.0,Penman TTM as-of 2008-06-30: value=6.72 >= close=1.05 * (1+MOS 70%),VLE.TO,9.33,2025-07-31,7.885714285714284,6240,2011-09-16,1173.0,ok,
VLN:CA,2009-05-29,12.69,23.77210991079833,16.11627594244475,0.1711265288784684,0.4661811657603161,22309000.0,Penman TTM as-of 2009-05-29: value=23.77 >= close=12.69 * (1+MOS 70%),VLN.TO,22.1,2015-04-29,0.7415287628053587,2161,,,ok,
VQS:CA,2017-09-29,0.32,0.8293804130579614,0.6628914057295137,0.195710455764075,0.6141698128363723,7505000.0,Penman TTM as-of 2017-09-29: value=0.83 >= close=0.32 * (1+MOS 70%),VQS.TO,9.05,2021-06-28,27.28125,1368,2019-12-03,795.0,ok,
VTSI:US,2008-09-30,0.015,0.7123245411075119,0.0,1.0813397129186604,0.9789421827631009,6483000.0,Penman TTM as-of 2008-09-30: value=0.71 >= close=0.01 * (1+MOS 70%),VTSI.US,17.12,2024-05-09,1140.3333333333335,5700,2009-04-03,185.0,ok,
WCRS:US,2007-03-29,2.97,349.43749999999994,0.5357142857142857,41.23368421052631,0.9915006260060812,56000.0,Penman TTM as-of 2007-03-29: value=349.44 >= close=2.97 * (1+MOS 70%),WCRS.US,16.05,2026-01-02,4.404040404040404,6854,2008-03-14,351.0,ok,
WEB:CA,2005-09-30,0.17,16.384615384615383,16.365384615384617,0.1003539823008849,0.9896244131455398,104000.0,Penman TTM as-of 2005-09-30: value=16.38 >= close=0.17 * (1+MOS 70%),WEB.V,3.35,2025-09-26,18.705882352941178,7301,2011-02-03,1952.0,ok,
WILC:US,2002-12-31,1.88,3.3726475745178255,2.7264757451782584,0.1394998213647731,0.4425744290021834,8555000.0,Penman TTM as-of 2002-12-31: value=3.37 >= close=1.88 * (1+MOS 70%),WILC.US,29.5,2026-01-14,14.691489361702128,8415,2004-01-21,386.0,ok,
WILD:CA,2006-06-30,1.8746,5.149671951886277,2.7433023510114816,,0.6359768122096882,14632000.0,Penman TTM as-of 2006-06-30: value=5.15 >= close=1.87 * (1+MOS 70%),WILD.TO,10.4248,2014-12-09,4.561079697002027,3084,2013-10-03,2652.0,ok,
WLDN:US,2006-12-29,10.0,61.57979502196192,6.008967789165447,0.3473792995866157,0.8376090729689246,5464000.0,Penman TTM as-of 2006-12-29: value=61.58 >= close=10.00 * (1+MOS 70%),WLDN.US,129.21,2026-01-14,11.921000000000001,6956,2016-11-16,3610.0,ok,
WLFC:US,2008-06-30,10.68,21.906868918145385,21.336004579278764,0.1007775411984566,0.5124816768701349,8735000.0,Penman TTM as-of 2008-06-30: value=21.91 >= close=10.68 * (1+MOS 70%),WLFC.US,231.63,2024-11-07,20.68820224719101,5974,2014-06-17,2178.0,ok,
WPR:CA,2025-08-29,0.17,0.4157007376185458,0.2843860410339056,0.3156234096692112,0.5910519645120405,16133000.0,Penman TTM as-of 2025-08-29: value=0.42 >= close=0.17 * (1+MOS 70%),WPR.V,0.44,2025-12-19,1.588235294117647,112,2025-12-17,110.0,ok,
WSTL:US,2000-03-31,0.0319,16.255304030047714,28.38930057862146,-0.1641707920792079,0.9980375636197862,9851000.0,Penman TTM as-of 2000-03-31: value=16.26 >= close=0.03 * (1+MOS 70%),WSTL.US,7.16,2025-09-16,223.45141065830722,9300,2020-10-02,7490.0,ok,
WW:US,2025-09-30,27.36,50.73039951937518,32.34094322619405,0.1392923733572952,0.4606784046802047,9987000.0,Penman TTM as-of 2025-09-30: value=50.73 >= close=27.36 * (1+MOS 70%),WW.US,34.92,2025-10-29,0.2763157894736843,29,,,ok,
WYY:US,2009-03-31,0.38,1.1366779089376058,2.169139966273187,0.0246415164010092,0.6656924560492546,5930000.0,Penman TTM as-of 2009-03-31: value=1.14 >= close=0.38 * (1+MOS 70%),WYY.US,14.49,2021-01-22,37.13157894736842,4315,2009-10-15,198.0,ok,
XAU:CA,2020-06-30,2.61,6.676442672741079,11.270374588711718,0.0334706332442945,0.609073255334575,15804000.0,Penman TTM as-of 2020-06-30: value=6.68 >= close=2.61 * (1+MOS 70%),XAU.TO,13.12,2025-10-24,4.026819923371647,1942,2023-06-23,1088.0,ok,
XLM:LN,2022-03-31,41.25,400.9821428571428,353.968253968254,0.1271212242608765,0.897127588510354,252000.0,Penman TTM as-of 2022-03-31: value=400.98 >= close=41.25 * (1+MOS 70%),XLM.LSE,40.75,2022-08-16,-0.012121212121212121,138,,,ok,
XPEL:US,2010-12-29,0.0124,0.0959138447183235,0.0389176159558337,0.2766265060240963,0.8707173084718282,25721000.0,Penman TTM as-of 2010-12-29: value=0.10 >= close=0.01 * (1+MOS 70%),XPEL.US,101.4,2021-07-23,8176.41935483871,3859,2011-01-11,13.0,ok,
XX:CA,2007-05-29,0.066,0.5092718227046585,0.7060153776571687,-15.166666666666666,0.8704031971580817,2211000.0,Penman TTM as-of 2007-05-29: value=0.51 >= close=0.07 * (1+MOS 70%),XX.V,2.25,2018-11-14,33.09090909090909,4187,2008-04-07,314.0,ok,
ZDGE:US,2022-07-29,2.76,6.4041718298223875,3.0419936665289824,0.8752222222222222,0.5690309265052083,14526000.0,Penman TTM as-of 2022-07-29: value=6.40 >= close=2.76 * (1+MOS 70%),ZDGE.US,4.75,2025-07-23,0.7210144927536233,1090,,,ok,
